二次医療圏名,病床種別,圏内住所患者,県内流入,県外流入,受入総数,流入率,県内流入構成比,県外流入構成比
いわき,一般病床,1700,100,100,1900,0.1053,0.0526,0.0526
いわき,感染症病床,0,0,0,0,0.0,0.0,0.0
いわき,療養病床,700,0,0,700,0.0,0.0,0.0
いわき,療養病床（介護保険適用病床）,100,0,0,100,0.0,0.0,0.0
いわき,療養病床（医療保険適用病床）,600,0,0,600,0.0,0.0,0.0
いわき,精神病床,800,100,0,900,0.1111,0.1111,0.0
いわき,結核病床,0,0,0,0,0.0,0.0,0.0
さいたま,一般病床,3400,1000,100,4500,0.2444,0.2222,0.0222
さいたま,感染症病床,0,0,0,0,0.0,0.0,0.0
さいたま,療養病床,700,200,0,900,0.2222,0.2222,0.0
さいたま,療養病床（介護保険適用病床）,100,0,0,100,0.0,0.0,0.0
さいたま,療養病床（医療保険適用病床）,600,200,0,800,0.25,0.25,0.0
さいたま,精神病床,600,200,100,900,0.3333,0.2222,0.1111
さいたま,結核病床,0,0,0,0,0.0,0.0,0.0
つくば,一般病床,1000,900,100,2000,0.5,0.45,0.05
つくば,感染症病床,0,0,0,0,0.0,0.0,0.0
つくば,療養病床,300,300,0,600,0.5,0.5,0.0
つくば,療養病床（介護保険適用病床）,0,0,0,0,0.0,0.0,0.0
つくば,療養病床（医療保険適用病床）,300,300,0,600,0.5,0.5,0.0
つくば,精神病床,200,200,0,400,0.5,0.5,0.0
つくば,結核病床,0,0,0,0,0.0,0.0,0.0
三島,一般病床,3200,700,200,4100,0.2195,0.1707,0.0488
三島,感染症病床,0,0,0,0,0.0,0.0,0.0
三島,療養病床,1000,200,0,1200,0.1667,0.1667,0.0
三島,療養病床（介護保険適用病床）,100,0,0,100,0.0,0.0,0.0
三島,療養病床（医療保険適用病床）,900,200,0,1100,0.1818,0.1818,0.0
三島,精神病床,1100,600,200,1900,0.4211,0.3158,0.1053
三島,結核病床,0,0,0,0,0.0,0.0,0.0
上五島,一般病床,100,0,0,100,0.0,0.0,0.0
上五島,感染症病床,0,0,0,0,0.0,0.0,0.0
上五島,療養病床,0,0,0,0,0.0,0.0,0.0
上五島,療養病床（介護保険適用病床）,0,0,0,0,0.0,0.0,0.0
上五島,療養病床（医療保険適用病床）,0,0,0,0,0.0,0.0,0.0
上五島,精神病床,0,0,0,0,0.0,0.0,0.0
上五島,結核病床,0,0,0,0,0.0,0.0,0.0
上伊那,一般病床,500,0,0,500,0.0,0.0,0.0
上伊那,感染症病床,0,0,0,0,0.0,0.0,0.0
上伊那,療養病床,200,0,0,200,0.0,0.0,0.0
上伊那,療養病床（介護保険適用病床）,0,0,0,0,0.0,0.0,0.0
上伊那,療養病床（医療保険適用病床）,200,0,0,200,0.0,0.0,0.0
上伊那,精神病床,200,100,0,300,0.3333,0.3333,0.0
上伊那,結核病床,0,0,0,0,0.0,0.0,0.0
上十三地域,一般病床,600,0,0,600,0.0,0.0,0.0
上十三地域,感染症病床,0,0,0,0,0.0,0.0,0.0
上十三地域,療養病床,100,0,0,100,0.0,0.0,0.0
上十三地域,療養病床（介護保険適用病床）,0,0,0,0,0.0,0.0,0.0
上十三地域,療養病床（医療保険適用病床）,100,0,0,100,0.0,0.0,0.0
上十三地域,精神病床,400,100,0,500,0.2,0.2,0.0
上十三地域,結核病床,0,0,0,0,0.0,0.0,0.0
上小,一般病床,900,0,0,900,0.0,0.0,0.0
上小,感染症病床,0,0,0,0,0.0,0.0,0.0
上小,療養病床,400,0,0,400,0.0,0.0,0.0
上小,療養病床（介護保険適用病床）,0,0,0,0,0.0,0.0,0.0
上小,療養病床（医療保険適用病床）,400,0,0,400,0.0,0.0,0.0
上小,精神病床,300,100,0,400,0.25,0.25,0.0
上小,結核病床,0,0,0,0,0.0,0.0,0.0
上川中部,一般病床,2500,500,0,3000,0.1667,0.1667,0.0
上川中部,感染症病床,0,0,0,0,0.0,0.0,0.0
上川中部,療養病床,900,100,0,1000,0.1,0.1,0.0
上川中部,療養病床（介護保険適用病床）,0,0,0,0,0.0,0.0,0.0
上川中部,療養病床（医療保険適用病床）,800,100,0,900,0.1111,0.1111,0.0
上川中部,精神病床,700,100,0,800,0.125,0.125,0.0
上川中部,結核病床,0,0,0,0,0.0,0.0,0.0
上川北部,一般病床,300,100,0,400,0.25,0.25,0.0
上川北部,感染症病床,0,0,0,0,0.0,0.0,0.0
上川北部,療養病床,200,0,0,200,0.0,0.0,0.0
上川北部,療養病床（介護保険適用病床）,0,0,0,0,0.0,0.0,0.0
上川北部,療養病床（医療保険適用病床）,200,0,0,200,0.0,0.0,0.0
上川北部,精神病床,0,0,0,0,0.0,0.0,0.0
上川北部,結核病床,0,0,0,0,0.0,0.0,0.0
上越,一般病床,1400,0,0,1400,0.0,0.0,0.0
上越,感染症病床,0,0,0,0,0.0,0.0,0.0
上越,療養病床,100,0,0,100,0.0,0.0,0.0
上越,療養病床（介護保険適用病床）,0,0,0,0,0.0,0.0,0.0
上越,療養病床（医療保険適用病床）,100,0,0,100,0.0,0.0,0.0
上越,精神病床,600,0,0,600,0.0,0.0,0.0
上越,結核病床,0,0,0,0,0.0,0.0,0.0
下北地域,一般病床,300,0,0,300,0.0,0.0,0.0
下北地域,感染症病床,0,0,0,0,0.0,0.0,0.0
下北地域,療養病床,100,0,0,100,0.0,0.0,0.0
下北地域,療養病床（介護保険適用病床）,0,0,0,0,0.0,0.0,0.0
下北地域,療養病床（医療保険適用病床）,100,0,0,100,0.0,0.0,0.0
下北地域,精神病床,0,0,0,0,0.0,0.0,0.0
下北地域,結核病床,0,0,0,0,0.0,0.0,0.0
下越,一般病床,900,100,0,1000,0.1,0.1,0.0
下越,感染症病床,0,0,0,0,0.0,0.0,0.0
下越,療養病床,400,100,0,500,0.2,0.2,0.0
下越,療養病床（介護保険適用病床）,100,0,0,100,0.0,0.0,0.0
下越,療養病床（医療保険適用病床）,300,100,0,400,0.25,0.25,0.0
下越,精神病床,600,0,0,600,0.0,0.0,0.0
下越,結核病床,0,0,0,0,0.0,0.0,0.0
下関,一般病床,1500,100,0,1600,0.0625,0.0625,0.0
下関,感染症病床,0,0,0,0,0.0,0.0,0.0
下関,療養病床,1300,0,0,1300,0.0,0.0,0.0
下関,療養病床（介護保険適用病床）,0,0,0,0,0.0,0.0,0.0
下関,療養病床（医療保険適用病床）,1300,0,0,1300,0.0,0.0,0.0
下関,精神病床,900,0,0,900,0.0,0.0,0.0
下関,結核病床,0,0,0,0,0.0,0.0,0.0
両毛,一般病床,1000,100,200,1300,0.2308,0.0769,0.1538
両毛,感染症病床,0,0,0,0,0.0,0.0,0.0
両毛,療養病床,300,0,0,300,0.0,0.0,0.0
両毛,療養病床（介護保険適用病床）,0,0,0,0,0.0,0.0,0.0
両毛,療養病床（医療保険適用病床）,200,0,0,200,0.0,0.0,0.0
両毛,精神病床,400,100,100,600,0.3333,0.1667,0.1667
両毛,結核病床,0,0,0,0,0.0,0.0,0.0
両磐,一般病床,600,100,100,800,0.25,0.125,0.125
両磐,感染症病床,0,0,0,0,0.0,0.0,0.0
両磐,療養病床,0,0,0,0,0.0,0.0,0.0
両磐,療養病床（介護保険適用病床）,0,0,0,0,0.0,0.0,0.0
両磐,療養病床（医療保険適用病床）,0,0,0,0,0.0,0.0,0.0
両磐,精神病床,100,0,0,100,0.0,0.0,0.0
両磐,結核病床,0,0,0,0,0.0,0.0,0.0
中丹,一般病床,1000,0,100,1100,0.0909,0.0,0.0909
中丹,感染症病床,0,0,0,0,0.0,0.0,0.0
中丹,療養病床,300,0,0,300,0.0,0.0,0.0
中丹,療養病床（介護保険適用病床）,0,0,0,0,0.0,0.0,0.0
中丹,療養病床（医療保険適用病床）,300,0,0,300,0.0,0.0,0.0
中丹,精神病床,500,200,100,800,0.375,0.25,0.125
中丹,結核病床,0,0,0,0,0.0,0.0,0.0
中勢伊賀,一般病床,2000,500,100,2600,0.2308,0.1923,0.0385
中勢伊賀,感染症病床,0,0,0,0,0.0,0.0,0.0
中勢伊賀,療養病床,600,200,0,800,0.25,0.25,0.0
中勢伊賀,療養病床（介護保険適用病床）,0,0,0,0,0.0,0.0,0.0
中勢伊賀,療養病床（医療保険適用病床）,600,100,0,700,0.1429,0.1429,0.0
中勢伊賀,精神病床,700,200,100,1000,0.3,0.2,0.1
中勢伊賀,結核病床,0,0,0,0,0.0,0.0,0.0
中北,一般病床,2100,500,100,2700,0.2222,0.1852,0.037
中北,感染症病床,0,0,0,0,0.0,0.0,0.0
中北,療養病床,800,100,100,1000,0.2,0.1,0.1
中北,療養病床（介護保険適用病床）,0,0,0,0,0.0,0.0,0.0
中北,療養病床（医療保険適用病床）,800,100,100,1000,0.2,0.1,0.1
中北,精神病床,700,300,0,1000,0.3,0.3,0.0
中北,結核病床,0,0,0,0,0.0,0.0,0.0
中和,一般病床,1400,400,100,1900,0.2632,0.2105,0.0526
中和,感染症病床,0,0,0,0,0.0,0.0,0.0
中和,療養病床,500,200,100,800,0.375,0.25,0.125
中和,療養病床（介護保険適用病床）,0,0,0,0,0.0,0.0,0.0
中和,療養病床（医療保険適用病床）,500,200,100,800,0.375,0.25,0.125
中和,精神病床,500,400,100,1000,0.5,0.4,0.1
中和,結核病床,0,0,0,0,0.0,0.0,0.0
中央,一般病床,4300,600,100,5000,0.14,0.12,0.02
中央,感染症病床,0,0,0,0,0.0,0.0,0.0
中央,療養病床,2400,200,0,2600,0.0769,0.0769,0.0
中央,療養病床（介護保険適用病床）,200,0,0,200,0.0,0.0,0.0
中央,療養病床（医療保険適用病床）,2200,200,0,2400,0.0833,0.0833,0.0
中央,精神病床,1200,100,0,1300,0.0769,0.0769,0.0
中央,結核病床,0,0,0,0,0.0,0.0,0.0
中東遠,一般病床,1200,0,0,1200,0.0,0.0,0.0
中東遠,感染症病床,0,0,0,0,0.0,0.0,0.0
中東遠,療養病床,900,100,0,1000,0.1,0.1,0.0
中東遠,療養病床（介護保険適用病床）,0,0,0,0,0.0,0.0,0.0
中東遠,療養病床（医療保険適用病床）,900,100,0,1000,0.1,0.1,0.0
中東遠,精神病床,500,200,0,700,0.2857,0.2857,0.0
中東遠,結核病床,0,0,0,0,0.0,0.0,0.0
中河内,一般病床,2500,400,100,3000,0.1667,0.1333,0.0333
中河内,感染症病床,0,0,0,0,0.0,0.0,0.0
中河内,療養病床,900,100,0,1000,0.1,0.1,0.0
中河内,療養病床（介護保険適用病床）,100,0,0,100,0.0,0.0,0.0
中河内,療養病床（医療保険適用病床）,900,100,0,1000,0.1,0.1,0.0
中河内,精神病床,800,500,0,1300,0.3846,0.3846,0.0
中河内,結核病床,0,0,0,0,0.0,0.0,0.0
中濃,一般病床,1400,100,100,1600,0.125,0.0625,0.0625
中濃,感染症病床,0,0,0,0,0.0,0.0,0.0
中濃,療養病床,300,0,0,300,0.0,0.0,0.0
中濃,療養病床（介護保険適用病床）,0,0,0,0,0.0,0.0,0.0
中濃,療養病床（医療保険適用病床）,300,0,0,300,0.0,0.0,0.0
中濃,精神病床,500,100,0,600,0.1667,0.1667,0.0
中濃,結核病床,0,0,0,0,0.0,0.0,0.0
中空知,一般病床,600,100,0,700,0.1429,0.1429,0.0
中空知,感染症病床,0,0,0,0,0.0,0.0,0.0
中空知,療養病床,700,0,0,700,0.0,0.0,0.0
中空知,療養病床（介護保険適用病床）,0,0,0,0,0.0,0.0,0.0
中空知,療養病床（医療保険適用病床）,700,0,0,700,0.0,0.0,0.0
中空知,精神病床,800,200,0,1000,0.2,0.2,0.0
中空知,結核病床,0,0,0,0,0.0,0.0,0.0
中越,一般病床,2200,400,0,2600,0.1538,0.1538,0.0
中越,感染症病床,0,0,0,0,0.0,0.0,0.0
中越,療養病床,400,0,0,400,0.0,0.0,0.0
中越,療養病床（介護保険適用病床）,0,0,0,0,0.0,0.0,0.0
中越,療養病床（医療保険適用病床）,400,0,0,400,0.0,0.0,0.0
中越,精神病床,1000,200,0,1200,0.1667,0.1667,0.0
中越,結核病床,0,0,0,0,0.0,0.0,0.0
中部,一般病床,7900,1300,300,9500,0.1684,0.1368,0.0316
中部,感染症病床,0,0,0,0,0.0,0.0,0.0
中部,療養病床,2300,100,0,2400,0.0417,0.0417,0.0
中部,療養病床（介護保険適用病床）,0,0,0,0,0.0,0.0,0.0
中部,療養病床（医療保険適用病床）,2300,100,0,2400,0.0417,0.0417,0.0
中部,精神病床,4000,700,100,4800,0.1667,0.1458,0.0208
中部,結核病床,0,0,0,0,0.0,0.0,0.0
丹南,一般病床,800,0,0,800,0.0,0.0,0.0
丹南,感染症病床,0,0,0,0,0.0,0.0,0.0
丹南,療養病床,300,0,0,300,0.0,0.0,0.0
丹南,療養病床（介護保険適用病床）,0,0,0,0,0.0,0.0,0.0
丹南,療養病床（医療保険適用病床）,300,0,0,300,0.0,0.0,0.0
丹南,精神病床,300,0,0,300,0.0,0.0,0.0
丹南,結核病床,0,0,0,0,0.0,0.0,0.0
丹後,一般病床,600,0,0,600,0.0,0.0,0.0
丹後,感染症病床,0,0,0,0,0.0,0.0,0.0
丹後,療養病床,100,0,0,100,0.0,0.0,0.0
丹後,療養病床（介護保険適用病床）,0,0,0,0,0.0,0.0,0.0
丹後,療養病床（医療保険適用病床）,100,0,0,100,0.0,0.0,0.0
丹後,精神病床,0,0,0,0,0.0,0.0,0.0
丹後,結核病床,0,0,0,0,0.0,0.0,0.0
丹波,一般病床,400,0,0,400,0.0,0.0,0.0
丹波,感染症病床,0,0,0,0,0.0,0.0,0.0
丹波,療養病床,200,100,0,300,0.3333,0.3333,0.0
丹波,療養病床（介護保険適用病床）,0,0,0,0,0.0,0.0,0.0
丹波,療養病床（医療保険適用病床）,200,100,0,300,0.3333,0.3333,0.0
丹波,精神病床,200,0,0,200,0.0,0.0,0.0
丹波,結核病床,0,0,0,0,0.0,0.0,0.0
久慈,一般病床,200,0,0,200,0.0,0.0,0.0
久慈,感染症病床,0,0,0,0,0.0,0.0,0.0
久慈,療養病床,0,0,0,0,0.0,0.0,0.0
久慈,療養病床（介護保険適用病床）,0,0,0,0,0.0,0.0,0.0
久慈,療養病床（医療保険適用病床）,0,0,0,0,0.0,0.0,0.0
久慈,精神病床,200,0,0,200,0.0,0.0,0.0
久慈,結核病床,0,0,0,0,0.0,0.0,0.0
久留米,一般病床,2300,1000,400,3700,0.3784,0.2703,0.1081
久留米,感染症病床,0,0,0,0,0.0,0.0,0.0
久留米,療養病床,1200,200,100,1500,0.2,0.1333,0.0667
久留米,療養病床（介護保険適用病床）,0,0,0,0,0.0,0.0,0.0
久留米,療養病床（医療保険適用病床）,1200,200,100,1500,0.2,0.1333,0.0667
久留米,精神病床,1300,400,200,1900,0.3158,0.2105,0.1053
久留米,結核病床,0,0,0,0,0.0,0.0,0.0
二戸,一般病床,200,0,0,200,0.0,0.0,0.0
二戸,感染症病床,0,0,0,0,0.0,0.0,0.0
二戸,療養病床,0,0,0,0,0.0,0.0,0.0
二戸,療養病床（介護保険適用病床）,0,0,0,0,0.0,0.0,0.0
二戸,療養病床（医療保険適用病床）,0,0,0,0,0.0,0.0,0.0
二戸,精神病床,100,0,0,100,0.0,0.0,0.0
二戸,結核病床,0,0,0,0,0.0,0.0,0.0
五島,一般病床,300,0,0,300,0.0,0.0,0.0
五島,感染症病床,0,0,0,0,0.0,0.0,0.0
五島,療養病床,0,0,0,0,0.0,0.0,0.0
五島,療養病床（介護保険適用病床）,0,0,0,0,0.0,0.0,0.0
五島,療養病床（医療保険適用病床）,0,0,0,0,0.0,0.0,0.0
五島,精神病床,0,0,0,0,0.0,0.0,0.0
五島,結核病床,0,0,0,0,0.0,0.0,0.0
京築,一般病床,600,0,0,600,0.0,0.0,0.0
京築,感染症病床,0,0,0,0,0.0,0.0,0.0
京築,療養病床,600,100,0,700,0.1429,0.1429,0.0
京築,療養病床（介護保険適用病床）,0,0,0,0,0.0,0.0,0.0
京築,療養病床（医療保険適用病床）,600,100,0,700,0.1429,0.1429,0.0
京築,精神病床,600,100,200,900,0.3333,0.1111,0.2222
京築,結核病床,0,0,0,0,0.0,0.0,0.0
京都・乙訓,一般病床,9000,800,600,10400,0.1346,0.0769,0.0577
京都・乙訓,感染症病床,0,0,0,0,0.0,0.0,0.0
京都・乙訓,療養病床,1600,100,200,1900,0.1579,0.0526,0.1053
京都・乙訓,療養病床（介護保険適用病床）,0,0,0,0,0.0,0.0,0.0
京都・乙訓,療養病床（医療保険適用病床）,1600,100,200,1900,0.1579,0.0526,0.1053
京都・乙訓,精神病床,2200,200,200,2600,0.1538,0.0769,0.0769
京都・乙訓,結核病床,0,0,0,0,0.0,0.0,0.0
今治,一般病床,900,0,0,900,0.0,0.0,0.0
今治,感染症病床,0,0,0,0,0.0,0.0,0.0
今治,療養病床,400,0,0,400,0.0,0.0,0.0
今治,療養病床（介護保険適用病床）,0,0,0,0,0.0,0.0,0.0
今治,療養病床（医療保険適用病床）,400,0,0,400,0.0,0.0,0.0
今治,精神病床,200,0,0,200,0.0,0.0,0.0
今治,結核病床,0,0,0,0,0.0,0.0,0.0
仙南,一般病床,500,0,0,500,0.0,0.0,0.0
仙南,感染症病床,0,0,0,0,0.0,0.0,0.0
仙南,療養病床,200,0,0,200,0.0,0.0,0.0
仙南,療養病床（介護保険適用病床）,0,0,0,0,0.0,0.0,0.0
仙南,療養病床（医療保険適用病床）,200,0,0,200,0.0,0.0,0.0
仙南,精神病床,400,100,0,500,0.2,0.2,0.0
仙南,結核病床,0,0,0,0,0.0,0.0,0.0
仙台,一般病床,7500,1000,600,9100,0.1758,0.1099,0.0659
仙台,感染症病床,0,0,0,0,0.0,0.0,0.0
仙台,療養病床,700,0,0,700,0.0,0.0,0.0
仙台,療養病床（介護保険適用病床）,0,0,0,0,0.0,0.0,0.0
仙台,療養病床（医療保険適用病床）,700,0,0,700,0.0,0.0,0.0
仙台,精神病床,2200,300,100,2600,0.1538,0.1154,0.0385
仙台,結核病床,0,0,0,0,0.0,0.0,0.0
伊勢崎,一般病床,900,300,100,1300,0.3077,0.2308,0.0769
伊勢崎,感染症病床,0,0,0,0,0.0,0.0,0.0
伊勢崎,療養病床,200,100,0,300,0.3333,0.3333,0.0
伊勢崎,療養病床（介護保険適用病床）,0,0,0,0,0.0,0.0,0.0
伊勢崎,療養病床（医療保険適用病床）,200,100,0,300,0.3333,0.3333,0.0
伊勢崎,精神病床,300,300,0,600,0.5,0.5,0.0
伊勢崎,結核病床,0,0,0,0,0.0,0.0,0.0
会津・南会津,一般病床,1300,0,0,1300,0.0,0.0,0.0
会津・南会津,感染症病床,0,0,0,0,0.0,0.0,0.0
会津・南会津,療養病床,400,0,0,400,0.0,0.0,0.0
会津・南会津,療養病床（介護保険適用病床）,0,0,0,0,0.0,0.0,0.0
会津・南会津,療養病床（医療保険適用病床）,400,0,0,400,0.0,0.0,0.0
会津・南会津,精神病床,700,0,0,700,0.0,0.0,0.0
会津・南会津,結核病床,0,0,0,0,0.0,0.0,0.0
但馬,一般病床,800,0,0,800,0.0,0.0,0.0
但馬,感染症病床,0,0,0,0,0.0,0.0,0.0
但馬,療養病床,100,0,0,100,0.0,0.0,0.0
但馬,療養病床（介護保険適用病床）,0,0,0,0,0.0,0.0,0.0
但馬,療養病床（医療保険適用病床）,100,0,0,100,0.0,0.0,0.0
但馬,精神病床,300,0,0,300,0.0,0.0,0.0
但馬,結核病床,0,0,0,0,0.0,0.0,0.0
佐世保県北,一般病床,1800,200,100,2100,0.1429,0.0952,0.0476
佐世保県北,感染症病床,0,0,0,0,0.0,0.0,0.0
佐世保県北,療養病床,1000,100,0,1100,0.0909,0.0909,0.0
佐世保県北,療養病床（介護保険適用病床）,0,0,0,0,0.0,0.0,0.0
佐世保県北,療養病床（医療保険適用病床）,1000,100,0,1100,0.0909,0.0909,0.0
佐世保県北,精神病床,1100,0,0,1100,0.0,0.0,0.0
佐世保県北,結核病床,0,0,0,0,0.0,0.0,0.0
佐久,一般病床,1000,200,0,1200,0.1667,0.1667,0.0
佐久,感染症病床,0,0,0,0,0.0,0.0,0.0
佐久,療養病床,200,0,0,200,0.0,0.0,0.0
佐久,療養病床（介護保険適用病床）,0,0,0,0,0.0,0.0,0.0
佐久,療養病床（医療保険適用病床）,200,0,0,200,0.0,0.0,0.0
佐久,精神病床,100,0,0,100,0.0,0.0,0.0
佐久,結核病床,0,0,0,0,0.0,0.0,0.0
佐渡,一般病床,300,0,0,300,0.0,0.0,0.0
佐渡,感染症病床,0,0,0,0,0.0,0.0,0.0
佐渡,療養病床,0,0,0,0,0.0,0.0,0.0
佐渡,療養病床（介護保険適用病床）,0,0,0,0,0.0,0.0,0.0
佐渡,療養病床（医療保険適用病床）,0,0,0,0,0.0,0.0,0.0
佐渡,精神病床,100,0,0,100,0.0,0.0,0.0
佐渡,結核病床,0,0,0,0,0.0,0.0,0.0
備北,一般病床,500,100,0,600,0.1667,0.1667,0.0
備北,感染症病床,0,0,0,0,0.0,0.0,0.0
備北,療養病床,500,100,0,600,0.1667,0.1667,0.0
備北,療養病床（介護保険適用病床）,0,0,0,0,0.0,0.0,0.0
備北,療養病床（医療保険適用病床）,500,100,0,600,0.1667,0.1667,0.0
備北,精神病床,200,0,0,200,0.0,0.0,0.0
備北,結核病床,0,0,0,0,0.0,0.0,0.0
八代,一般病床,700,100,0,800,0.125,0.125,0.0
八代,感染症病床,0,0,0,0,0.0,0.0,0.0
八代,療養病床,500,0,0,500,0.0,0.0,0.0
八代,療養病床（介護保険適用病床）,0,0,0,0,0.0,0.0,0.0
八代,療養病床（医療保険適用病床）,500,0,0,500,0.0,0.0,0.0
八代,精神病床,500,100,0,600,0.1667,0.1667,0.0
八代,結核病床,0,0,0,0,0.0,0.0,0.0
八女・筑後,一般病床,400,200,0,600,0.3333,0.3333,0.0
八女・筑後,感染症病床,0,0,0,0,0.0,0.0,0.0
八女・筑後,療養病床,400,200,0,600,0.3333,0.3333,0.0
八女・筑後,療養病床（介護保険適用病床）,0,0,0,0,0.0,0.0,0.0
八女・筑後,療養病床（医療保険適用病床）,400,200,0,600,0.3333,0.3333,0.0
八女・筑後,精神病床,300,100,0,400,0.25,0.25,0.0
八女・筑後,結核病床,0,0,0,0,0.0,0.0,0.0
八幡浜・大洲,一般病床,600,0,0,600,0.0,0.0,0.0
八幡浜・大洲,感染症病床,0,0,0,0,0.0,0.0,0.0
八幡浜・大洲,療養病床,400,0,0,400,0.0,0.0,0.0
八幡浜・大洲,療養病床（介護保険適用病床）,0,0,0,0,0.0,0.0,0.0
八幡浜・大洲,療養病床（医療保険適用病床）,400,0,0,400,0.0,0.0,0.0
八幡浜・大洲,精神病床,400,0,0,400,0.0,0.0,0.0
八幡浜・大洲,結核病床,0,0,0,0,0.0,0.0,0.0
八戸地域,一般病床,1200,100,100,1400,0.1429,0.0714,0.0714
八戸地域,感染症病床,0,0,0,0,0.0,0.0,0.0
八戸地域,療養病床,400,0,0,400,0.0,0.0,0.0
八戸地域,療養病床（介護保険適用病床）,100,0,0,100,0.0,0.0,0.0
八戸地域,療養病床（医療保険適用病床）,300,0,0,300,0.0,0.0,0.0
八戸地域,精神病床,1100,100,100,1300,0.1538,0.0769,0.0769
八戸地域,結核病床,0,0,0,0,0.0,0.0,0.0
八重山,一般病床,100,0,0,100,0.0,0.0,0.0
八重山,感染症病床,0,0,0,0,0.0,0.0,0.0
八重山,療養病床,0,0,0,0,0.0,0.0,0.0
八重山,療養病床（介護保険適用病床）,0,0,0,0,0.0,0.0,0.0
八重山,療養病床（医療保険適用病床）,0,0,0,0,0.0,0.0,0.0
八重山,精神病床,0,0,0,0,0.0,0.0,0.0
八重山,結核病床,0,0,0,0,0.0,0.0,0.0
出水,一般病床,400,0,0,400,0.0,0.0,0.0
出水,感染症病床,0,0,0,0,0.0,0.0,0.0
出水,療養病床,200,0,0,200,0.0,0.0,0.0
出水,療養病床（介護保険適用病床）,0,0,0,0,0.0,0.0,0.0
出水,療養病床（医療保険適用病床）,200,0,0,200,0.0,0.0,0.0
出水,精神病床,400,0,0,400,0.0,0.0,0.0
出水,結核病床,0,0,0,0,0.0,0.0,0.0
出雲,一般病床,900,400,0,1300,0.3077,0.3077,0.0
出雲,感染症病床,0,0,0,0,0.0,0.0,0.0
出雲,療養病床,500,0,0,500,0.0,0.0,0.0
出雲,療養病床（介護保険適用病床）,200,0,0,200,0.0,0.0,0.0
出雲,療養病床（医療保険適用病床）,300,0,0,300,0.0,0.0,0.0
出雲,精神病床,200,100,0,300,0.3333,0.3333,0.0
出雲,結核病床,0,0,0,0,0.0,0.0,0.0
利根,一般病床,2100,600,200,2900,0.2759,0.2069,0.069
利根,感染症病床,0,0,0,0,0.0,0.0,0.0
利根,療養病床,300,100,0,400,0.25,0.25,0.0
利根,療養病床（介護保険適用病床）,0,0,0,0,0.0,0.0,0.0
利根,療養病床（医療保険適用病床）,300,100,0,400,0.25,0.25,0.0
利根,精神病床,500,500,100,1100,0.5455,0.4545,0.0909
利根,結核病床,0,0,0,0,0.0,0.0,0.0
前橋,一般病床,1500,1000,100,2600,0.4231,0.3846,0.0385
前橋,感染症病床,0,0,0,0,0.0,0.0,0.0
前橋,療養病床,100,100,0,200,0.5,0.5,0.0
前橋,療養病床（介護保険適用病床）,0,0,0,0,0.0,0.0,0.0
前橋,療養病床（医療保険適用病床）,100,100,0,200,0.5,0.5,0.0
前橋,精神病床,500,300,0,800,0.375,0.375,0.0
前橋,結核病床,0,0,0,0,0.0,0.0,0.0
北九州,一般病床,7600,700,200,8500,0.1059,0.0824,0.0235
北九州,感染症病床,0,0,0,0,0.0,0.0,0.0
北九州,療養病床,3500,200,0,3700,0.0541,0.0541,0.0
北九州,療養病床（介護保険適用病床）,0,0,0,0,0.0,0.0,0.0
北九州,療養病床（医療保険適用病床）,3500,200,0,3700,0.0541,0.0541,0.0
北九州,精神病床,3000,200,0,3200,0.0625,0.0625,0.0
北九州,結核病床,0,0,0,0,0.0,0.0,0.0
北信,一般病床,500,0,0,500,0.0,0.0,0.0
北信,感染症病床,0,0,0,0,0.0,0.0,0.0
北信,療養病床,0,0,0,0,0.0,0.0,0.0
北信,療養病床（介護保険適用病床）,0,0,0,0,0.0,0.0,0.0
北信,療養病床（医療保険適用病床）,0,0,0,0,0.0,0.0,0.0
北信,精神病床,100,100,0,200,0.5,0.5,0.0
北信,結核病床,0,0,0,0,0.0,0.0,0.0
北勢,一般病床,3000,200,100,3300,0.0909,0.0606,0.0303
北勢,感染症病床,0,0,0,0,0.0,0.0,0.0
北勢,療養病床,1100,0,100,1200,0.0833,0.0,0.0833
北勢,療養病床（介護保険適用病床）,100,0,0,100,0.0,0.0,0.0
北勢,療養病床（医療保険適用病床）,1100,0,100,1200,0.0833,0.0,0.0833
北勢,精神病床,1700,100,0,1800,0.0556,0.0556,0.0
北勢,結核病床,0,0,0,0,0.0,0.0,0.0
北多摩北部,一般病床,2300,700,400,3400,0.3235,0.2059,0.1176
北多摩北部,感染症病床,0,0,0,0,0.0,0.0,0.0
北多摩北部,療養病床,800,400,100,1300,0.3846,0.3077,0.0769
北多摩北部,療養病床（介護保険適用病床）,100,0,0,100,0.0,0.0,0.0
北多摩北部,療養病床（医療保険適用病床）,700,300,100,1100,0.3636,0.2727,0.0909
北多摩北部,精神病床,800,600,300,1700,0.5294,0.3529,0.1765
北多摩北部,結核病床,0,100,0,100,1.0,1.0,0.0
北多摩南部,一般病床,2200,1900,300,4400,0.5,0.4318,0.0682
北多摩南部,感染症病床,0,0,0,0,0.0,0.0,0.0
北多摩南部,療養病床,800,200,0,1000,0.2,0.2,0.0
北多摩南部,療養病床（介護保険適用病床）,0,0,0,0,0.0,0.0,0.0
北多摩南部,療養病床（医療保険適用病床）,800,200,0,1000,0.2,0.2,0.0
北多摩南部,精神病床,1200,1900,300,3400,0.6471,0.5588,0.0882
北多摩南部,結核病床,0,0,0,0,0.0,0.0,0.0
北多摩西部,一般病床,1700,900,100,2700,0.3704,0.3333,0.037
北多摩西部,感染症病床,0,0,0,0,0.0,0.0,0.0
北多摩西部,療養病床,600,300,0,900,0.3333,0.3333,0.0
北多摩西部,療養病床（介護保険適用病床）,0,0,0,0,0.0,0.0,0.0
北多摩西部,療養病床（医療保険適用病床）,600,300,0,900,0.3333,0.3333,0.0
北多摩西部,精神病床,0,0,0,0,0.0,0.0,0.0
北多摩西部,結核病床,0,0,0,0,0.0,0.0,0.0
北播磨,一般病床,1500,500,100,2100,0.2857,0.2381,0.0476
北播磨,感染症病床,0,0,0,0,0.0,0.0,0.0
北播磨,療養病床,500,300,0,800,0.375,0.375,0.0
北播磨,療養病床（介護保険適用病床）,0,0,0,0,0.0,0.0,0.0
北播磨,療養病床（医療保険適用病床）,500,300,0,800,0.375,0.375,0.0
北播磨,精神病床,500,200,0,700,0.2857,0.2857,0.0
北播磨,結核病床,0,0,0,0,0.0,0.0,0.0
北河内,一般病床,5900,800,300,7000,0.1571,0.1143,0.0429
北河内,感染症病床,0,0,0,0,0.0,0.0,0.0
北河内,療養病床,1100,200,100,1400,0.2143,0.1429,0.0714
北河内,療養病床（介護保険適用病床）,0,0,0,0,0.0,0.0,0.0
北河内,療養病床（医療保険適用病床）,1100,200,100,1400,0.2143,0.1429,0.0714
北河内,精神病床,1000,200,100,1300,0.2308,0.1538,0.0769
北河内,結核病床,0,0,0,0,0.0,0.0,0.0
北渡島檜山,一般病床,200,0,0,200,0.0,0.0,0.0
北渡島檜山,感染症病床,0,0,0,0,0.0,0.0,0.0
北渡島檜山,療養病床,100,0,0,100,0.0,0.0,0.0
北渡島檜山,療養病床（介護保険適用病床）,0,0,0,0,0.0,0.0,0.0
北渡島檜山,療養病床（医療保険適用病床）,100,0,0,100,0.0,0.0,0.0
北渡島檜山,精神病床,100,0,0,100,0.0,0.0,0.0
北渡島檜山,結核病床,0,0,0,0,0.0,0.0,0.0
北秋田,一般病床,100,0,0,100,0.0,0.0,0.0
北秋田,感染症病床,0,0,0,0,0.0,0.0,0.0
北秋田,療養病床,0,0,0,0,0.0,0.0,0.0
北秋田,療養病床（介護保険適用病床）,0,0,0,0,0.0,0.0,0.0
北秋田,療養病床（医療保険適用病床）,0,0,0,0,0.0,0.0,0.0
北秋田,精神病床,100,100,0,200,0.5,0.5,0.0
北秋田,結核病床,0,0,0,0,0.0,0.0,0.0
北空知,一般病床,100,0,0,100,0.0,0.0,0.0
北空知,感染症病床,0,0,0,0,0.0,0.0,0.0
北空知,療養病床,300,0,0,300,0.0,0.0,0.0
北空知,療養病床（介護保険適用病床）,0,0,0,0,0.0,0.0,0.0
北空知,療養病床（医療保険適用病床）,300,0,0,300,0.0,0.0,0.0
北空知,精神病床,100,100,0,200,0.5,0.5,0.0
北空知,結核病床,0,0,0,0,0.0,0.0,0.0
北網,一般病床,1200,100,0,1300,0.0769,0.0769,0.0
北網,感染症病床,0,0,0,0,0.0,0.0,0.0
北網,療養病床,400,0,0,400,0.0,0.0,0.0
北網,療養病床（介護保険適用病床）,0,0,0,0,0.0,0.0,0.0
北網,療養病床（医療保険適用病床）,400,0,0,400,0.0,0.0,0.0
北網,精神病床,300,0,0,300,0.0,0.0,0.0
北網,結核病床,0,0,0,0,0.0,0.0,0.0
北部,一般病床,3800,300,100,4200,0.0952,0.0714,0.0238
北部,感染症病床,0,0,0,0,0.0,0.0,0.0
北部,療養病床,1500,100,200,1800,0.1667,0.0556,0.1111
北部,療養病床（介護保険適用病床）,0,0,0,0,0.0,0.0,0.0
北部,療養病床（医療保険適用病床）,1500,100,200,1800,0.1667,0.0556,0.1111
北部,精神病床,1700,300,100,2100,0.1905,0.1429,0.0476
北部,結核病床,0,0,0,0,0.0,0.0,0.0
区中央部,一般病床,2600,4700,2500,9800,0.7347,0.4796,0.2551
区中央部,感染症病床,0,0,0,0,0.0,0.0,0.0
区中央部,療養病床,200,100,0,300,0.3333,0.3333,0.0
区中央部,療養病床（介護保険適用病床）,0,0,0,0,0.0,0.0,0.0
区中央部,療養病床（医療保険適用病床）,200,100,0,300,0.3333,0.3333,0.0
区中央部,精神病床,100,100,0,200,0.5,0.5,0.0
区中央部,結核病床,0,0,0,0,0.0,0.0,0.0
区南部,一般病床,3700,400,400,4500,0.1778,0.0889,0.0889
区南部,感染症病床,0,0,0,0,0.0,0.0,0.0
区南部,療養病床,800,200,100,1100,0.2727,0.1818,0.0909
区南部,療養病床（介護保険適用病床）,0,0,0,0,0.0,0.0,0.0
区南部,療養病床（医療保険適用病床）,800,200,100,1100,0.2727,0.1818,0.0909
区南部,精神病床,100,0,0,100,0.0,0.0,0.0
区南部,結核病床,0,0,0,0,0.0,0.0,0.0
区東北部,一般病床,4200,700,500,5400,0.2222,0.1296,0.0926
区東北部,感染症病床,0,0,0,0,0.0,0.0,0.0
区東北部,療養病床,1100,400,200,1700,0.3529,0.2353,0.1176
区東北部,療養病床（介護保険適用病床）,0,0,0,0,0.0,0.0,0.0
区東北部,療養病床（医療保険適用病床）,1100,400,200,1700,0.3529,0.2353,0.1176
区東北部,精神病床,400,200,100,700,0.4286,0.2857,0.1429
区東北部,結核病床,0,0,0,0,0.0,0.0,0.0
区東部,一般病床,3500,900,600,5000,0.3,0.18,0.12
区東部,感染症病床,0,0,0,0,0.0,0.0,0.0
区東部,療養病床,900,200,100,1200,0.25,0.1667,0.0833
区東部,療養病床（介護保険適用病床）,0,0,0,0,0.0,0.0,0.0
区東部,療養病床（医療保険適用病床）,900,200,100,1200,0.25,0.1667,0.0833
区東部,精神病床,200,0,0,200,0.0,0.0,0.0
区東部,結核病床,0,0,0,0,0.0,0.0,0.0
区西北部,一般病床,5400,900,700,7000,0.2286,0.1286,0.1
区西北部,感染症病床,0,0,0,0,0.0,0.0,0.0
区西北部,療養病床,2400,700,400,3500,0.3143,0.2,0.1143
区西北部,療養病床（介護保険適用病床）,0,0,0,0,0.0,0.0,0.0
区西北部,療養病床（医療保険適用病床）,2300,700,400,3400,0.3235,0.2059,0.1176
区西北部,精神病床,1200,800,300,2300,0.4783,0.3478,0.1304
区西北部,結核病床,0,0,0,0,0.0,0.0,0.0
区西南部,一般病床,2900,1300,500,4700,0.383,0.2766,0.1064
区西南部,感染症病床,0,0,0,0,0.0,0.0,0.0
区西南部,療養病床,1000,500,100,1600,0.375,0.3125,0.0625
区西南部,療養病床（介護保険適用病床）,0,0,0,0,0.0,0.0,0.0
区西南部,療養病床（医療保険適用病床）,1000,500,100,1600,0.375,0.3125,0.0625
区西南部,精神病床,300,500,100,900,0.6667,0.5556,0.1111
区西南部,結核病床,0,0,0,0,0.0,0.0,0.0
区西部,一般病床,3600,2200,1000,6800,0.4706,0.3235,0.1471
区西部,感染症病床,0,0,0,0,0.0,0.0,0.0
区西部,療養病床,700,200,0,900,0.2222,0.2222,0.0
区西部,療養病床（介護保険適用病床）,0,0,0,0,0.0,0.0,0.0
区西部,療養病床（医療保険適用病床）,700,200,0,900,0.2222,0.2222,0.0
区西部,精神病床,0,100,0,100,1.0,1.0,0.0
区西部,結核病床,0,0,0,0,0.0,0.0,0.0
十勝,一般病床,2300,0,0,2300,0.0,0.0,0.0
十勝,感染症病床,0,0,0,0,0.0,0.0,0.0
十勝,療養病床,600,0,0,600,0.0,0.0,0.0
十勝,療養病床（介護保険適用病床）,0,0,0,0,0.0,0.0,0.0
十勝,療養病床（医療保険適用病床）,600,0,0,600,0.0,0.0,0.0
十勝,精神病床,300,0,0,300,0.0,0.0,0.0
十勝,結核病床,0,0,0,0,0.0,0.0,0.0
千葉,一般病床,2700,1600,200,4500,0.4,0.3556,0.0444
千葉,感染症病床,0,0,0,0,0.0,0.0,0.0
千葉,療養病床,700,100,0,800,0.125,0.125,0.0
千葉,療養病床（介護保険適用病床）,0,0,0,0,0.0,0.0,0.0
千葉,療養病床（医療保険適用病床）,700,100,0,800,0.125,0.125,0.0
千葉,精神病床,700,100,100,900,0.2222,0.1111,0.1111
千葉,結核病床,0,0,0,0,0.0,0.0,0.0
南丹,一般病床,800,100,0,900,0.1111,0.1111,0.0
南丹,感染症病床,0,0,0,0,0.0,0.0,0.0
南丹,療養病床,100,0,0,100,0.0,0.0,0.0
南丹,療養病床（介護保険適用病床）,0,0,0,0,0.0,0.0,0.0
南丹,療養病床（医療保険適用病床）,100,0,0,100,0.0,0.0,0.0
南丹,精神病床,0,0,0,0,0.0,0.0,0.0
南丹,結核病床,0,0,0,0,0.0,0.0,0.0
南加賀,一般病床,1200,100,0,1300,0.0769,0.0769,0.0
南加賀,感染症病床,0,0,0,0,0.0,0.0,0.0
南加賀,療養病床,300,0,0,300,0.0,0.0,0.0
南加賀,療養病床（介護保険適用病床）,0,0,0,0,0.0,0.0,0.0
南加賀,療養病床（医療保険適用病床）,300,0,0,300,0.0,0.0,0.0
南加賀,精神病床,500,0,0,500,0.0,0.0,0.0
南加賀,結核病床,0,0,0,0,0.0,0.0,0.0
南勢志摩,一般病床,1900,100,0,2000,0.05,0.05,0.0
南勢志摩,感染症病床,0,0,0,0,0.0,0.0,0.0
南勢志摩,療養病床,700,0,0,700,0.0,0.0,0.0
南勢志摩,療養病床（介護保険適用病床）,0,0,0,0,0.0,0.0,0.0
南勢志摩,療養病床（医療保険適用病床）,700,0,0,700,0.0,0.0,0.0
南勢志摩,精神病床,800,100,0,900,0.1111,0.1111,0.0
南勢志摩,結核病床,0,0,0,0,0.0,0.0,0.0
南和,一般病床,300,100,0,400,0.25,0.25,0.0
南和,感染症病床,0,0,0,0,0.0,0.0,0.0
南和,療養病床,100,100,0,200,0.5,0.5,0.0
南和,療養病床（介護保険適用病床）,0,0,0,0,0.0,0.0,0.0
南和,療養病床（医療保険適用病床）,100,100,0,200,0.5,0.5,0.0
南和,精神病床,0,0,0,0,0.0,0.0,0.0
南和,結核病床,0,0,0,0,0.0,0.0,0.0
南多摩,一般病床,4000,600,500,5100,0.2157,0.1176,0.098
南多摩,感染症病床,0,0,0,0,0.0,0.0,0.0
南多摩,療養病床,1700,900,500,3100,0.4516,0.2903,0.1613
南多摩,療養病床（介護保険適用病床）,0,0,0,0,0.0,0.0,0.0
南多摩,療養病床（医療保険適用病床）,1700,900,500,3100,0.4516,0.2903,0.1613
南多摩,精神病床,2600,1900,900,5400,0.5185,0.3519,0.1667
南多摩,結核病床,0,0,0,0,0.0,0.0,0.0
南檜山,一般病床,100,0,0,100,0.0,0.0,0.0
南檜山,感染症病床,0,0,0,0,0.0,0.0,0.0
南檜山,療養病床,100,0,0,100,0.0,0.0,0.0
南檜山,療養病床（介護保険適用病床）,0,0,0,0,0.0,0.0,0.0
南檜山,療養病床（医療保険適用病床）,100,0,0,100,0.0,0.0,0.0
南檜山,精神病床,0,0,0,0,0.0,0.0,0.0
南檜山,結核病床,0,0,0,0,0.0,0.0,0.0
南河内,一般病床,2700,1000,100,3800,0.2895,0.2632,0.0263
南河内,感染症病床,0,0,0,0,0.0,0.0,0.0
南河内,療養病床,900,200,100,1200,0.25,0.1667,0.0833
南河内,療養病床（介護保険適用病床）,0,0,0,0,0.0,0.0,0.0
南河内,療養病床（医療保険適用病床）,900,200,100,1200,0.25,0.1667,0.0833
南河内,精神病床,600,600,100,1300,0.5385,0.4615,0.0769
南河内,結核病床,0,0,0,0,0.0,0.0,0.0
南渡島,一般病床,2700,200,0,2900,0.069,0.069,0.0
南渡島,感染症病床,0,0,0,0,0.0,0.0,0.0
南渡島,療養病床,1000,0,0,1000,0.0,0.0,0.0
南渡島,療養病床（介護保険適用病床）,0,0,0,0,0.0,0.0,0.0
南渡島,療養病床（医療保険適用病床）,1000,0,0,1000,0.0,0.0,0.0
南渡島,精神病床,1200,100,0,1300,0.0769,0.0769,0.0
南渡島,結核病床,0,0,0,0,0.0,0.0,0.0
南空知,一般病床,700,100,0,800,0.125,0.125,0.0
南空知,感染症病床,0,0,0,0,0.0,0.0,0.0
南空知,療養病床,300,0,0,300,0.0,0.0,0.0
南空知,療養病床（介護保険適用病床）,0,0,0,0,0.0,0.0,0.0
南空知,療養病床（医療保険適用病床）,300,0,0,300,0.0,0.0,0.0
南空知,精神病床,500,0,0,500,0.0,0.0,0.0
南空知,結核病床,0,0,0,0,0.0,0.0,0.0
南薩,一般病床,800,0,0,800,0.0,0.0,0.0
南薩,感染症病床,0,0,0,0,0.0,0.0,0.0
南薩,療養病床,600,0,0,600,0.0,0.0,0.0
南薩,療養病床（介護保険適用病床）,0,0,0,0,0.0,0.0,0.0
南薩,療養病床（医療保険適用病床）,600,0,0,600,0.0,0.0,0.0
南薩,精神病床,1000,100,0,1100,0.0909,0.0909,0.0
南薩,結核病床,0,0,0,0,0.0,0.0,0.0
南西部,一般病床,2100,300,300,2700,0.2222,0.1111,0.1111
南西部,感染症病床,0,0,0,0,0.0,0.0,0.0
南西部,療養病床,500,100,100,700,0.2857,0.1429,0.1429
南西部,療養病床（介護保険適用病床）,0,0,0,0,0.0,0.0,0.0
南西部,療養病床（医療保険適用病床）,500,100,100,700,0.2857,0.1429,0.1429
南西部,精神病床,300,200,400,900,0.6667,0.2222,0.4444
南西部,結核病床,0,0,0,0,0.0,0.0,0.0
南部,一般病床,7600,1200,200,9000,0.1556,0.1333,0.0222
南部,感染症病床,0,0,0,0,0.0,0.0,0.0
南部,療養病床,2500,300,100,2900,0.1379,0.1034,0.0345
南部,療養病床（介護保険適用病床）,100,0,0,100,0.0,0.0,0.0
南部,療養病床（医療保険適用病床）,2400,300,100,2800,0.1429,0.1071,0.0357
南部,精神病床,3800,500,400,4700,0.1915,0.1064,0.0851
南部,結核病床,0,0,0,0,0.0,0.0,0.0
印旛,一般病床,2700,900,200,3800,0.2895,0.2368,0.0526
印旛,感染症病床,0,0,0,0,0.0,0.0,0.0
印旛,療養病床,900,400,100,1400,0.3571,0.2857,0.0714
印旛,療養病床（介護保険適用病床）,0,0,0,0,0.0,0.0,0.0
印旛,療養病床（医療保険適用病床）,900,400,100,1400,0.3571,0.2857,0.0714
印旛,精神病床,800,200,100,1100,0.2727,0.1818,0.0909
印旛,結核病床,0,0,0,0,0.0,0.0,0.0
取手・竜ヶ崎,一般病床,1600,500,100,2200,0.2727,0.2273,0.0455
取手・竜ヶ崎,感染症病床,0,0,0,0,0.0,0.0,0.0
取手・竜ヶ崎,療養病床,400,200,0,600,0.3333,0.3333,0.0
取手・竜ヶ崎,療養病床（介護保険適用病床）,0,0,0,0,0.0,0.0,0.0
取手・竜ヶ崎,療養病床（医療保険適用病床）,300,200,0,500,0.4,0.4,0.0
取手・竜ヶ崎,精神病床,600,200,100,900,0.3333,0.2222,0.1111
取手・竜ヶ崎,結核病床,0,0,0,0,0.0,0.0,0.0
古河・坂東,一般病床,700,100,200,1000,0.3,0.1,0.2
古河・坂東,感染症病床,0,0,0,0,0.0,0.0,0.0
古河・坂東,療養病床,200,0,0,200,0.0,0.0,0.0
古河・坂東,療養病床（介護保険適用病床）,0,0,0,0,0.0,0.0,0.0
古河・坂東,療養病床（医療保険適用病床）,200,0,0,200,0.0,0.0,0.0
古河・坂東,精神病床,300,200,100,600,0.5,0.3333,0.1667
古河・坂東,結核病床,0,0,0,0,0.0,0.0,0.0
名古屋・尾張中部,一般病床,9900,2200,500,12600,0.2143,0.1746,0.0397
名古屋・尾張中部,感染症病床,0,0,0,0,0.0,0.0,0.0
名古屋・尾張中部,療養病床,2800,400,100,3300,0.1515,0.1212,0.0303
名古屋・尾張中部,療養病床（介護保険適用病床）,100,0,0,100,0.0,0.0,0.0
名古屋・尾張中部,療養病床（医療保険適用病床）,2700,300,100,3100,0.129,0.0968,0.0323
名古屋・尾張中部,精神病床,2700,600,100,3400,0.2059,0.1765,0.0294
名古屋・尾張中部,結核病床,0,0,0,0,0.0,0.0,0.0
君津,一般病床,1100,100,0,1200,0.0833,0.0833,0.0
君津,感染症病床,0,0,0,0,0.0,0.0,0.0
君津,療養病床,600,0,0,600,0.0,0.0,0.0
君津,療養病床（介護保険適用病床）,0,0,0,0,0.0,0.0,0.0
君津,療養病床（医療保険適用病床）,500,0,0,500,0.0,0.0,0.0
君津,精神病床,400,100,0,500,0.2,0.2,0.0
君津,結核病床,0,0,0,0,0.0,0.0,0.0
吾妻,一般病床,200,0,0,200,0.0,0.0,0.0
吾妻,感染症病床,0,0,0,0,0.0,0.0,0.0
吾妻,療養病床,200,100,100,400,0.5,0.25,0.25
吾妻,療養病床（介護保険適用病床）,0,0,0,0,0.0,0.0,0.0
吾妻,療養病床（医療保険適用病床）,200,100,100,400,0.5,0.25,0.25
吾妻,精神病床,100,0,0,100,0.0,0.0,0.0
吾妻,結核病床,0,0,0,0,0.0,0.0,0.0
呉,一般病床,1600,200,0,1800,0.1111,0.1111,0.0
呉,感染症病床,0,0,0,0,0.0,0.0,0.0
呉,療養病床,600,0,0,600,0.0,0.0,0.0
呉,療養病床（介護保険適用病床）,0,0,0,0,0.0,0.0,0.0
呉,療養病床（医療保険適用病床）,600,0,0,600,0.0,0.0,0.0
呉,精神病床,800,200,0,1000,0.2,0.2,0.0
呉,結核病床,0,0,0,0,0.0,0.0,0.0
周南,一般病床,1400,100,0,1500,0.0667,0.0667,0.0
周南,感染症病床,0,0,0,0,0.0,0.0,0.0
周南,療養病床,700,100,0,800,0.125,0.125,0.0
周南,療養病床（介護保険適用病床）,0,0,0,0,0.0,0.0,0.0
周南,療養病床（医療保険適用病床）,700,100,0,800,0.125,0.125,0.0
周南,精神病床,500,100,0,600,0.1667,0.1667,0.0
周南,結核病床,0,0,0,0,0.0,0.0,0.0
和歌山,一般病床,2700,600,200,3500,0.2286,0.1714,0.0571
和歌山,感染症病床,0,0,0,0,0.0,0.0,0.0
和歌山,療養病床,700,100,0,800,0.125,0.125,0.0
和歌山,療養病床（介護保険適用病床）,0,0,0,0,0.0,0.0,0.0
和歌山,療養病床（医療保険適用病床）,700,100,0,800,0.125,0.125,0.0
和歌山,精神病床,500,100,0,600,0.1667,0.1667,0.0
和歌山,結核病床,0,0,0,0,0.0,0.0,0.0
土浦,一般病床,600,500,0,1100,0.4545,0.4545,0.0
土浦,感染症病床,0,0,0,0,0.0,0.0,0.0
土浦,療養病床,200,100,0,300,0.3333,0.3333,0.0
土浦,療養病床（介護保険適用病床）,0,0,0,0,0.0,0.0,0.0
土浦,療養病床（医療保険適用病床）,200,100,0,300,0.3333,0.3333,0.0
土浦,精神病床,400,400,100,900,0.5556,0.4444,0.1111
土浦,結核病床,0,0,0,0,0.0,0.0,0.0
堺市,一般病床,3400,900,100,4400,0.2273,0.2045,0.0227
堺市,感染症病床,0,0,0,0,0.0,0.0,0.0
堺市,療養病床,2300,700,100,3100,0.2581,0.2258,0.0323
堺市,療養病床（介護保険適用病床）,0,0,0,0,0.0,0.0,0.0
堺市,療養病床（医療保険適用病床）,2300,700,100,3100,0.2581,0.2258,0.0323
堺市,精神病床,1100,900,100,2100,0.4762,0.4286,0.0476
堺市,結核病床,0,0,0,0,0.0,0.0,0.0
壱岐,一般病床,200,0,0,200,0.0,0.0,0.0
壱岐,感染症病床,0,0,0,0,0.0,0.0,0.0
壱岐,療養病床,100,0,0,100,0.0,0.0,0.0
壱岐,療養病床（介護保険適用病床）,0,0,0,0,0.0,0.0,0.0
壱岐,療養病床（医療保険適用病床）,100,0,0,100,0.0,0.0,0.0
壱岐,精神病床,0,0,0,0,0.0,0.0,0.0
壱岐,結核病床,0,0,0,0,0.0,0.0,0.0
大仙・仙北,一般病床,500,0,0,500,0.0,0.0,0.0
大仙・仙北,感染症病床,0,0,0,0,0.0,0.0,0.0
大仙・仙北,療養病床,100,100,0,200,0.5,0.5,0.0
大仙・仙北,療養病床（介護保険適用病床）,0,0,0,0,0.0,0.0,0.0
大仙・仙北,療養病床（医療保険適用病床）,100,100,0,200,0.5,0.5,0.0
大仙・仙北,精神病床,300,200,0,500,0.4,0.4,0.0
大仙・仙北,結核病床,0,0,0,0,0.0,0.0,0.0
大北,一般病床,100,0,0,100,0.0,0.0,0.0
大北,感染症病床,0,0,0,0,0.0,0.0,0.0
大北,療養病床,0,0,0,0,0.0,0.0,0.0
大北,療養病床（介護保険適用病床）,0,0,0,0,0.0,0.0,0.0
大北,療養病床（医療保険適用病床）,0,0,0,0,0.0,0.0,0.0
大北,精神病床,0,0,0,0,0.0,0.0,0.0
大北,結核病床,0,0,0,0,0.0,0.0,0.0
大崎・栗原,一般病床,1000,100,0,1100,0.0909,0.0909,0.0
大崎・栗原,感染症病床,0,0,0,0,0.0,0.0,0.0
大崎・栗原,療養病床,500,100,0,600,0.1667,0.1667,0.0
大崎・栗原,療養病床（介護保険適用病床）,0,0,0,0,0.0,0.0,0.0
大崎・栗原,療養病床（医療保険適用病床）,500,100,0,600,0.1667,0.1667,0.0
大崎・栗原,精神病床,400,100,0,500,0.2,0.2,0.0
大崎・栗原,結核病床,0,0,0,0,0.0,0.0,0.0
大津,一般病床,1200,500,100,1800,0.3333,0.2778,0.0556
大津,感染症病床,0,0,0,0,0.0,0.0,0.0
大津,療養病床,500,100,0,600,0.1667,0.1667,0.0
大津,療養病床（介護保険適用病床）,0,0,0,0,0.0,0.0,0.0
大津,療養病床（医療保険適用病床）,500,100,0,600,0.1667,0.1667,0.0
大津,精神病床,300,200,0,500,0.4,0.4,0.0
大津,結核病床,0,0,0,0,0.0,0.0,0.0
大田,一般病床,200,0,0,200,0.0,0.0,0.0
大田,感染症病床,0,0,0,0,0.0,0.0,0.0
大田,療養病床,100,0,0,100,0.0,0.0,0.0
大田,療養病床（介護保険適用病床）,0,0,0,0,0.0,0.0,0.0
大田,療養病床（医療保険適用病床）,100,0,0,100,0.0,0.0,0.0
大田,精神病床,100,0,0,100,0.0,0.0,0.0
大田,結核病床,0,0,0,0,0.0,0.0,0.0
大阪市,一般病床,13400,3400,1000,17800,0.2472,0.191,0.0562
大阪市,感染症病床,0,0,0,0,0.0,0.0,0.0
大阪市,療養病床,4100,500,100,4700,0.1277,0.1064,0.0213
大阪市,療養病床（介護保険適用病床）,200,0,0,200,0.0,0.0,0.0
大阪市,療養病床（医療保険適用病床）,3900,500,100,4500,0.1333,0.1111,0.0222
大阪市,精神病床,100,0,0,100,0.0,0.0,0.0
大阪市,結核病床,0,0,0,0,0.0,0.0,0.0
大館・鹿角,一般病床,500,0,0,500,0.0,0.0,0.0
大館・鹿角,感染症病床,0,0,0,0,0.0,0.0,0.0
大館・鹿角,療養病床,200,0,0,200,0.0,0.0,0.0
大館・鹿角,療養病床（介護保険適用病床）,0,0,0,0,0.0,0.0,0.0
大館・鹿角,療養病床（医療保険適用病床）,200,0,0,200,0.0,0.0,0.0
大館・鹿角,精神病床,200,0,0,200,0.0,0.0,0.0
大館・鹿角,結核病床,0,0,0,0,0.0,0.0,0.0
天草,一般病床,700,100,0,800,0.125,0.125,0.0
天草,感染症病床,0,0,0,0,0.0,0.0,0.0
天草,療養病床,800,0,0,800,0.0,0.0,0.0
天草,療養病床（介護保険適用病床）,200,0,0,200,0.0,0.0,0.0
天草,療養病床（医療保険適用病床）,600,0,0,600,0.0,0.0,0.0
天草,精神病床,600,0,0,600,0.0,0.0,0.0
天草,結核病床,0,0,0,0,0.0,0.0,0.0
太田・館林,一般病床,1400,100,200,1700,0.1765,0.0588,0.1176
太田・館林,感染症病床,0,0,0,0,0.0,0.0,0.0
太田・館林,療養病床,400,0,100,500,0.2,0.0,0.2
太田・館林,療養病床（介護保険適用病床）,100,0,0,100,0.0,0.0,0.0
太田・館林,療養病床（医療保険適用病床）,300,0,100,400,0.25,0.0,0.25
太田・館林,精神病床,300,100,100,500,0.4,0.2,0.2
太田・館林,結核病床,0,0,0,0,0.0,0.0,0.0
奄美,一般病床,800,0,0,800,0.0,0.0,0.0
奄美,感染症病床,0,0,0,0,0.0,0.0,0.0
奄美,療養病床,400,0,0,400,0.0,0.0,0.0
奄美,療養病床（介護保険適用病床）,0,0,0,0,0.0,0.0,0.0
奄美,療養病床（医療保険適用病床）,400,0,0,400,0.0,0.0,0.0
奄美,精神病床,500,0,0,500,0.0,0.0,0.0
奄美,結核病床,0,0,0,0,0.0,0.0,0.0
奈良,一般病床,1400,600,200,2200,0.3636,0.2727,0.0909
奈良,感染症病床,0,0,0,0,0.0,0.0,0.0
奈良,療養病床,300,100,0,400,0.25,0.25,0.0
奈良,療養病床（介護保険適用病床）,0,0,0,0,0.0,0.0,0.0
奈良,療養病床（医療保険適用病床）,300,100,0,400,0.25,0.25,0.0
奈良,精神病床,200,100,0,300,0.3333,0.3333,0.0
奈良,結核病床,0,0,0,0,0.0,0.0,0.0
奥越,一般病床,200,0,0,200,0.0,0.0,0.0
奥越,感染症病床,0,0,0,0,0.0,0.0,0.0
奥越,療養病床,100,0,0,100,0.0,0.0,0.0
奥越,療養病床（介護保険適用病床）,0,0,0,0,0.0,0.0,0.0
奥越,療養病床（医療保険適用病床）,100,0,0,100,0.0,0.0,0.0
奥越,精神病床,100,0,0,100,0.0,0.0,0.0
奥越,結核病床,0,0,0,0,0.0,0.0,0.0
姶良・伊佐,一般病床,1200,200,0,1400,0.1429,0.1429,0.0
姶良・伊佐,感染症病床,0,0,0,0,0.0,0.0,0.0
姶良・伊佐,療養病床,1000,0,0,1000,0.0,0.0,0.0
姶良・伊佐,療養病床（介護保険適用病床）,0,0,0,0,0.0,0.0,0.0
姶良・伊佐,療養病床（医療保険適用病床）,1000,0,0,1000,0.0,0.0,0.0
姶良・伊佐,精神病床,1000,300,0,1300,0.2308,0.2308,0.0
姶良・伊佐,結核病床,0,0,0,0,0.0,0.0,0.0
宇和島,一般病床,800,100,0,900,0.1111,0.1111,0.0
宇和島,感染症病床,0,0,0,0,0.0,0.0,0.0
宇和島,療養病床,100,0,0,100,0.0,0.0,0.0
宇和島,療養病床（介護保険適用病床）,0,0,0,0,0.0,0.0,0.0
宇和島,療養病床（医療保険適用病床）,100,0,0,100,0.0,0.0,0.0
宇和島,精神病床,200,0,0,200,0.0,0.0,0.0
宇和島,結核病床,0,0,0,0,0.0,0.0,0.0
宇城,一般病床,300,200,0,500,0.4,0.4,0.0
宇城,感染症病床,0,0,0,0,0.0,0.0,0.0
宇城,療養病床,100,100,0,200,0.5,0.5,0.0
宇城,療養病床（介護保険適用病床）,0,0,0,0,0.0,0.0,0.0
宇城,療養病床（医療保険適用病床）,100,100,0,200,0.5,0.5,0.0
宇城,精神病床,300,200,0,500,0.4,0.4,0.0
宇城,結核病床,0,0,0,0,0.0,0.0,0.0
宇摩,一般病床,400,0,0,400,0.0,0.0,0.0
宇摩,感染症病床,0,0,0,0,0.0,0.0,0.0
宇摩,療養病床,300,0,0,300,0.0,0.0,0.0
宇摩,療養病床（介護保険適用病床）,0,0,0,0,0.0,0.0,0.0
宇摩,療養病床（医療保険適用病床）,300,0,0,300,0.0,0.0,0.0
宇摩,精神病床,100,0,0,100,0.0,0.0,0.0
宇摩,結核病床,0,0,0,0,0.0,0.0,0.0
宇部・小野田,一般病床,1900,200,0,2100,0.0952,0.0952,0.0
宇部・小野田,感染症病床,0,0,0,0,0.0,0.0,0.0
宇部・小野田,療養病床,1100,0,0,1100,0.0,0.0,0.0
宇部・小野田,療養病床（介護保険適用病床）,0,0,0,0,0.0,0.0,0.0
宇部・小野田,療養病床（医療保険適用病床）,1100,0,0,1100,0.0,0.0,0.0
宇部・小野田,精神病床,900,300,0,1200,0.25,0.25,0.0
宇部・小野田,結核病床,0,0,0,0,0.0,0.0,0.0
宇都宮,一般病床,1600,700,100,2400,0.3333,0.2917,0.0417
宇都宮,感染症病床,0,0,0,0,0.0,0.0,0.0
宇都宮,療養病床,900,300,0,1200,0.25,0.25,0.0
宇都宮,療養病床（介護保険適用病床）,0,0,0,0,0.0,0.0,0.0
宇都宮,療養病床（医療保険適用病床）,900,300,0,1200,0.25,0.25,0.0
宇都宮,精神病床,900,400,100,1400,0.3571,0.2857,0.0714
宇都宮,結核病床,0,0,0,0,0.0,0.0,0.0
安房,一般病床,700,400,100,1200,0.4167,0.3333,0.0833
安房,感染症病床,0,0,0,0,0.0,0.0,0.0
安房,療養病床,300,100,0,400,0.25,0.25,0.0
安房,療養病床（介護保険適用病床）,100,0,0,100,0.0,0.0,0.0
安房,療養病床（医療保険適用病床）,200,0,0,200,0.0,0.0,0.0
安房,精神病床,500,0,0,500,0.0,0.0,0.0
安房,結核病床,0,0,0,0,0.0,0.0,0.0
安芸,一般病床,300,0,0,300,0.0,0.0,0.0
安芸,感染症病床,0,0,0,0,0.0,0.0,0.0
安芸,療養病床,100,0,0,100,0.0,0.0,0.0
安芸,療養病床（介護保険適用病床）,0,0,0,0,0.0,0.0,0.0
安芸,療養病床（医療保険適用病床）,100,0,0,100,0.0,0.0,0.0
安芸,精神病床,200,100,0,300,0.3333,0.3333,0.0
安芸,結核病床,0,0,0,0,0.0,0.0,0.0
宗像,一般病床,500,100,0,600,0.1667,0.1667,0.0
宗像,感染症病床,0,0,0,0,0.0,0.0,0.0
宗像,療養病床,300,100,0,400,0.25,0.25,0.0
宗像,療養病床（介護保険適用病床）,0,0,0,0,0.0,0.0,0.0
宗像,療養病床（医療保険適用病床）,300,100,0,400,0.25,0.25,0.0
宗像,精神病床,400,400,0,800,0.5,0.5,0.0
宗像,結核病床,0,0,0,0,0.0,0.0,0.0
宗谷,一般病床,200,0,0,200,0.0,0.0,0.0
宗谷,感染症病床,0,0,0,0,0.0,0.0,0.0
宗谷,療養病床,100,0,0,100,0.0,0.0,0.0
宗谷,療養病床（介護保険適用病床）,0,0,0,0,0.0,0.0,0.0
宗谷,療養病床（医療保険適用病床）,100,0,0,100,0.0,0.0,0.0
宗谷,精神病床,0,0,0,0,0.0,0.0,0.0
宗谷,結核病床,0,0,0,0,0.0,0.0,0.0
宮古,一般病床,500,0,0,500,0.0,0.0,0.0
宮古,感染症病床,0,0,0,0,0.0,0.0,0.0
宮古,療養病床,300,0,0,300,0.0,0.0,0.0
宮古,療養病床（介護保険適用病床）,0,0,0,0,0.0,0.0,0.0
宮古,療養病床（医療保険適用病床）,300,0,0,300,0.0,0.0,0.0
宮古,精神病床,400,0,0,400,0.0,0.0,0.0
宮古,結核病床,0,0,0,0,0.0,0.0,0.0
宮崎東諸県,一般病床,2000,600,0,2600,0.2308,0.2308,0.0
宮崎東諸県,感染症病床,0,0,0,0,0.0,0.0,0.0
宮崎東諸県,療養病床,800,100,0,900,0.1111,0.1111,0.0
宮崎東諸県,療養病床（介護保険適用病床）,0,0,0,0,0.0,0.0,0.0
宮崎東諸県,療養病床（医療保険適用病床）,800,100,0,900,0.1111,0.1111,0.0
宮崎東諸県,精神病床,1000,100,0,1100,0.0909,0.0909,0.0
宮崎東諸県,結核病床,0,0,0,0,0.0,0.0,0.0
富士,一般病床,1100,0,0,1100,0.0,0.0,0.0
富士,感染症病床,0,0,0,0,0.0,0.0,0.0
富士,療養病床,700,100,0,800,0.125,0.125,0.0
富士,療養病床（介護保険適用病床）,0,0,0,0,0.0,0.0,0.0
富士,療養病床（医療保険適用病床）,700,100,0,800,0.125,0.125,0.0
富士,精神病床,500,100,100,700,0.2857,0.1429,0.1429
富士,結核病床,0,0,0,0,0.0,0.0,0.0
富士・東部,一般病床,600,0,0,600,0.0,0.0,0.0
富士・東部,感染症病床,0,0,0,0,0.0,0.0,0.0
富士・東部,療養病床,100,0,0,100,0.0,0.0,0.0
富士・東部,療養病床（介護保険適用病床）,0,0,0,0,0.0,0.0,0.0
富士・東部,療養病床（医療保険適用病床）,100,0,0,100,0.0,0.0,0.0
富士・東部,精神病床,300,0,0,300,0.0,0.0,0.0
富士・東部,結核病床,0,0,0,0,0.0,0.0,0.0
富山,一般病床,2600,400,100,3100,0.1613,0.129,0.0323
富山,感染症病床,0,0,0,0,0.0,0.0,0.0
富山,療養病床,1400,200,0,1600,0.125,0.125,0.0
富山,療養病床（介護保険適用病床）,0,0,0,0,0.0,0.0,0.0
富山,療養病床（医療保険適用病床）,1400,200,0,1600,0.125,0.125,0.0
富山,精神病床,1100,100,0,1200,0.0833,0.0833,0.0
富山,結核病床,0,0,0,0,0.0,0.0,0.0
富岡,一般病床,300,100,0,400,0.25,0.25,0.0
富岡,感染症病床,0,0,0,0,0.0,0.0,0.0
富岡,療養病床,0,0,0,0,0.0,0.0,0.0
富岡,療養病床（介護保険適用病床）,0,0,0,0,0.0,0.0,0.0
富岡,療養病床（医療保険適用病床）,0,0,0,0,0.0,0.0,0.0
富岡,精神病床,200,100,0,300,0.3333,0.3333,0.0
富岡,結核病床,0,0,0,0,0.0,0.0,0.0
富良野,一般病床,100,0,0,100,0.0,0.0,0.0
富良野,感染症病床,0,0,0,0,0.0,0.0,0.0
富良野,療養病床,0,0,0,0,0.0,0.0,0.0
富良野,療養病床（介護保険適用病床）,0,0,0,0,0.0,0.0,0.0
富良野,療養病床（医療保険適用病床）,0,0,0,0,0.0,0.0,0.0
富良野,精神病床,100,0,0,100,0.0,0.0,0.0
富良野,結核病床,0,0,0,0,0.0,0.0,0.0
対馬,一般病床,200,0,0,200,0.0,0.0,0.0
対馬,感染症病床,0,0,0,0,0.0,0.0,0.0
対馬,療養病床,0,0,0,0,0.0,0.0,0.0
対馬,療養病床（介護保険適用病床）,0,0,0,0,0.0,0.0,0.0
対馬,療養病床（医療保険適用病床）,0,0,0,0,0.0,0.0,0.0
対馬,精神病床,0,0,0,0,0.0,0.0,0.0
対馬,結核病床,0,0,0,0,0.0,0.0,0.0
小豆,一般病床,100,0,0,100,0.0,0.0,0.0
小豆,感染症病床,0,0,0,0,0.0,0.0,0.0
小豆,療養病床,0,0,0,0,0.0,0.0,0.0
小豆,療養病床（介護保険適用病床）,0,0,0,0,0.0,0.0,0.0
小豆,療養病床（医療保険適用病床）,0,0,0,0,0.0,0.0,0.0
小豆,精神病床,100,0,0,100,0.0,0.0,0.0
小豆,結核病床,0,0,0,0,0.0,0.0,0.0
尾三,一般病床,1600,200,100,1900,0.1579,0.1053,0.0526
尾三,感染症病床,0,0,0,0,0.0,0.0,0.0
尾三,療養病床,500,0,0,500,0.0,0.0,0.0
尾三,療養病床（介護保険適用病床）,0,0,0,0,0.0,0.0,0.0
尾三,療養病床（医療保険適用病床）,500,0,0,500,0.0,0.0,0.0
尾三,精神病床,700,100,0,800,0.125,0.125,0.0
尾三,結核病床,0,0,0,0,0.0,0.0,0.0
尾張北部,一般病床,2100,300,200,2600,0.1923,0.1154,0.0769
尾張北部,感染症病床,0,0,0,0,0.0,0.0,0.0
尾張北部,療養病床,1100,200,200,1500,0.2667,0.1333,0.1333
尾張北部,療養病床（介護保険適用病床）,0,0,0,0,0.0,0.0,0.0
尾張北部,療養病床（医療保険適用病床）,1000,200,200,1400,0.2857,0.1429,0.1429
尾張北部,精神病床,700,200,100,1000,0.3,0.2,0.1
尾張北部,結核病床,0,0,0,0,0.0,0.0,0.0
尾張東部,一般病床,1400,1700,100,3200,0.5625,0.5312,0.0313
尾張東部,感染症病床,0,0,0,0,0.0,0.0,0.0
尾張東部,療養病床,300,100,0,400,0.25,0.25,0.0
尾張東部,療養病床（介護保険適用病床）,0,0,0,0,0.0,0.0,0.0
尾張東部,療養病床（医療保険適用病床）,300,100,0,400,0.25,0.25,0.0
尾張東部,精神病床,300,800,100,1200,0.75,0.6667,0.0833
尾張東部,結核病床,0,0,0,0,0.0,0.0,0.0
尾張西部,一般病床,2000,400,100,2500,0.2,0.16,0.04
尾張西部,感染症病床,0,0,0,0,0.0,0.0,0.0
尾張西部,療養病床,500,100,0,600,0.1667,0.1667,0.0
尾張西部,療養病床（介護保険適用病床）,0,0,0,0,0.0,0.0,0.0
尾張西部,療養病床（医療保険適用病床）,500,100,0,600,0.1667,0.1667,0.0
尾張西部,精神病床,600,100,0,700,0.1429,0.1429,0.0
尾張西部,結核病床,0,0,0,0,0.0,0.0,0.0
山口・防府,一般病床,1300,200,100,1600,0.1875,0.125,0.0625
山口・防府,感染症病床,0,0,0,0,0.0,0.0,0.0
山口・防府,療養病床,900,100,0,1000,0.1,0.1,0.0
山口・防府,療養病床（介護保険適用病床）,0,0,0,0,0.0,0.0,0.0
山口・防府,療養病床（医療保険適用病床）,900,100,0,1000,0.1,0.1,0.0
山口・防府,精神病床,800,100,0,900,0.1111,0.1111,0.0
山口・防府,結核病床,0,0,0,0,0.0,0.0,0.0
山城北,一般病床,2000,500,200,2700,0.2593,0.1852,0.0741
山城北,感染症病床,0,0,0,0,0.0,0.0,0.0
山城北,療養病床,300,100,0,400,0.25,0.25,0.0
山城北,療養病床（介護保険適用病床）,0,0,0,0,0.0,0.0,0.0
山城北,療養病床（医療保険適用病床）,300,100,0,400,0.25,0.25,0.0
山城北,精神病床,300,200,0,500,0.4,0.4,0.0
山城北,結核病床,0,0,0,0,0.0,0.0,0.0
山城南,一般病床,300,100,0,400,0.25,0.25,0.0
山城南,感染症病床,0,0,0,0,0.0,0.0,0.0
山城南,療養病床,0,0,0,0,0.0,0.0,0.0
山城南,療養病床（介護保険適用病床）,0,0,0,0,0.0,0.0,0.0
山城南,療養病床（医療保険適用病床）,0,0,0,0,0.0,0.0,0.0
山城南,精神病床,0,0,0,0,0.0,0.0,0.0
山城南,結核病床,0,0,0,0,0.0,0.0,0.0
山武長生夷隅,一般病床,1300,100,0,1400,0.0714,0.0714,0.0
山武長生夷隅,感染症病床,0,0,0,0,0.0,0.0,0.0
山武長生夷隅,療養病床,700,100,0,800,0.125,0.125,0.0
山武長生夷隅,療養病床（介護保険適用病床）,0,0,0,0,0.0,0.0,0.0
山武長生夷隅,療養病床（医療保険適用病床）,700,100,0,800,0.125,0.125,0.0
山武長生夷隅,精神病床,800,100,0,900,0.1111,0.1111,0.0
山武長生夷隅,結核病床,0,0,0,0,0.0,0.0,0.0
岐阜,一般病床,3500,600,200,4300,0.186,0.1395,0.0465
岐阜,感染症病床,0,0,0,0,0.0,0.0,0.0
岐阜,療養病床,1000,100,0,1100,0.0909,0.0909,0.0
岐阜,療養病床（介護保険適用病床）,0,0,0,0,0.0,0.0,0.0
岐阜,療養病床（医療保険適用病床）,900,100,0,1000,0.1,0.1,0.0
岐阜,精神病床,700,100,0,800,0.125,0.125,0.0
岐阜,結核病床,0,0,0,0,0.0,0.0,0.0
岩国,一般病床,600,100,0,700,0.1429,0.1429,0.0
岩国,感染症病床,0,0,0,0,0.0,0.0,0.0
岩国,療養病床,300,0,0,300,0.0,0.0,0.0
岩国,療養病床（介護保険適用病床）,0,0,0,0,0.0,0.0,0.0
岩国,療養病床（医療保険適用病床）,300,0,0,300,0.0,0.0,0.0
岩国,精神病床,300,0,0,300,0.0,0.0,0.0
岩国,結核病床,0,0,0,0,0.0,0.0,0.0
岩手中部,一般病床,900,100,0,1000,0.1,0.1,0.0
岩手中部,感染症病床,0,0,0,0,0.0,0.0,0.0
岩手中部,療養病床,0,0,0,0,0.0,0.0,0.0
岩手中部,療養病床（介護保険適用病床）,0,0,0,0,0.0,0.0,0.0
岩手中部,療養病床（医療保険適用病床）,0,0,0,0,0.0,0.0,0.0
岩手中部,精神病床,300,100,0,400,0.25,0.25,0.0
岩手中部,結核病床,0,0,0,0,0.0,0.0,0.0
峡南,一般病床,200,0,0,200,0.0,0.0,0.0
峡南,感染症病床,0,0,0,0,0.0,0.0,0.0
峡南,療養病床,100,0,0,100,0.0,0.0,0.0
峡南,療養病床（介護保険適用病床）,0,0,0,0,0.0,0.0,0.0
峡南,療養病床（医療保険適用病床）,100,0,0,100,0.0,0.0,0.0
峡南,精神病床,0,0,0,0,0.0,0.0,0.0
峡南,結核病床,0,0,0,0,0.0,0.0,0.0
峡東,一般病床,700,300,0,1000,0.3,0.3,0.0
峡東,感染症病床,0,0,0,0,0.0,0.0,0.0
峡東,療養病床,200,200,100,500,0.6,0.4,0.2
峡東,療養病床（介護保険適用病床）,0,0,0,0,0.0,0.0,0.0
峡東,療養病床（医療保険適用病床）,200,200,100,500,0.6,0.4,0.2
峡東,精神病床,300,100,0,400,0.25,0.25,0.0
峡東,結核病床,0,0,0,0,0.0,0.0,0.0
島しょ,一般病床,0,0,0,0,0.0,0.0,0.0
島しょ,感染症病床,0,0,0,0,0.0,0.0,0.0
島しょ,療養病床,0,0,0,0,0.0,0.0,0.0
島しょ,療養病床（介護保険適用病床）,0,0,0,0,0.0,0.0,0.0
島しょ,療養病床（医療保険適用病床）,0,0,0,0,0.0,0.0,0.0
島しょ,精神病床,0,0,0,0,0.0,0.0,0.0
島しょ,結核病床,0,0,0,0,0.0,0.0,0.0
嶺南,一般病床,600,0,0,600,0.0,0.0,0.0
嶺南,感染症病床,0,0,0,0,0.0,0.0,0.0
嶺南,療養病床,200,0,0,200,0.0,0.0,0.0
嶺南,療養病床（介護保険適用病床）,0,0,0,0,0.0,0.0,0.0
嶺南,療養病床（医療保険適用病床）,200,0,0,200,0.0,0.0,0.0
嶺南,精神病床,400,0,0,400,0.0,0.0,0.0
嶺南,結核病床,0,0,0,0,0.0,0.0,0.0
川崎北部,一般病床,2200,500,600,3300,0.3333,0.1515,0.1818
川崎北部,感染症病床,0,0,0,0,0.0,0.0,0.0
川崎北部,療養病床,400,100,100,600,0.3333,0.1667,0.1667
川崎北部,療養病床（介護保険適用病床）,100,0,0,100,0.0,0.0,0.0
川崎北部,療養病床（医療保険適用病床）,300,100,100,500,0.4,0.2,0.2
川崎北部,精神病床,500,400,200,1100,0.5455,0.3636,0.1818
川崎北部,結核病床,0,0,0,0,0.0,0.0,0.0
川崎南部,一般病床,2300,700,200,3200,0.2812,0.2187,0.0625
川崎南部,感染症病床,0,0,0,0,0.0,0.0,0.0
川崎南部,療養病床,200,0,0,200,0.0,0.0,0.0
川崎南部,療養病床（介護保険適用病床）,0,0,0,0,0.0,0.0,0.0
川崎南部,療養病床（医療保険適用病床）,200,0,0,200,0.0,0.0,0.0
川崎南部,精神病床,100,0,0,100,0.0,0.0,0.0
川崎南部,結核病床,0,0,0,0,0.0,0.0,0.0
川薩,一般病床,500,0,0,500,0.0,0.0,0.0
川薩,感染症病床,0,0,0,0,0.0,0.0,0.0
川薩,療養病床,400,0,0,400,0.0,0.0,0.0
川薩,療養病床（介護保険適用病床）,0,0,0,0,0.0,0.0,0.0
川薩,療養病床（医療保険適用病床）,400,0,0,400,0.0,0.0,0.0
川薩,精神病床,400,100,0,500,0.2,0.2,0.0
川薩,結核病床,0,0,0,0,0.0,0.0,0.0
川越比企,一般病床,2600,1000,100,3700,0.2973,0.2703,0.027
川越比企,感染症病床,0,0,0,0,0.0,0.0,0.0
川越比企,療養病床,1000,400,200,1600,0.375,0.25,0.125
川越比企,療養病床（介護保険適用病床）,0,0,0,0,0.0,0.0,0.0
川越比企,療養病床（医療保険適用病床）,1000,400,200,1600,0.375,0.25,0.125
川越比企,精神病床,1400,600,200,2200,0.3636,0.2727,0.0909
川越比企,結核病床,0,0,0,0,0.0,0.0,0.0
市原,一般病床,800,300,0,1100,0.2727,0.2727,0.0
市原,感染症病床,0,0,0,0,0.0,0.0,0.0
市原,療養病床,300,100,0,400,0.25,0.25,0.0
市原,療養病床（介護保険適用病床）,0,0,0,0,0.0,0.0,0.0
市原,療養病床（医療保険適用病床）,300,100,0,400,0.25,0.25,0.0
市原,精神病床,200,100,0,300,0.3333,0.3333,0.0
市原,結核病床,0,0,0,0,0.0,0.0,0.0
常陸太田・ひたちなか,一般病床,1000,200,0,1200,0.1667,0.1667,0.0
常陸太田・ひたちなか,感染症病床,0,0,0,0,0.0,0.0,0.0
常陸太田・ひたちなか,療養病床,200,0,0,200,0.0,0.0,0.0
常陸太田・ひたちなか,療養病床（介護保険適用病床）,0,0,0,0,0.0,0.0,0.0
常陸太田・ひたちなか,療養病床（医療保険適用病床）,200,0,0,200,0.0,0.0,0.0
常陸太田・ひたちなか,精神病床,200,100,0,300,0.3333,0.3333,0.0
常陸太田・ひたちなか,結核病床,0,0,0,0,0.0,0.0,0.0
幡多,一般病床,500,0,0,500,0.0,0.0,0.0
幡多,感染症病床,0,0,0,0,0.0,0.0,0.0
幡多,療養病床,400,0,0,400,0.0,0.0,0.0
幡多,療養病床（介護保険適用病床）,0,0,0,0,0.0,0.0,0.0
幡多,療養病床（医療保険適用病床）,400,0,0,400,0.0,0.0,0.0
幡多,精神病床,300,0,0,300,0.0,0.0,0.0
幡多,結核病床,0,0,0,0,0.0,0.0,0.0
広島,一般病床,6100,600,200,6900,0.1159,0.087,0.029
広島,感染症病床,0,0,0,0,0.0,0.0,0.0
広島,療養病床,1800,200,100,2100,0.1429,0.0952,0.0476
広島,療養病床（介護保険適用病床）,0,0,0,0,0.0,0.0,0.0
広島,療養病床（医療保険適用病床）,1800,200,100,2100,0.1429,0.0952,0.0476
広島,精神病床,2600,300,100,3000,0.1333,0.1,0.0333
広島,結核病床,0,0,0,0,0.0,0.0,0.0
広島中央,一般病床,1100,300,0,1400,0.2143,0.2143,0.0
広島中央,感染症病床,0,0,0,0,0.0,0.0,0.0
広島中央,療養病床,500,100,0,600,0.1667,0.1667,0.0
広島中央,療養病床（介護保険適用病床）,0,0,0,0,0.0,0.0,0.0
広島中央,療養病床（医療保険適用病床）,400,100,0,500,0.2,0.2,0.0
広島中央,精神病床,500,200,0,700,0.2857,0.2857,0.0
広島中央,結核病床,0,0,0,0,0.0,0.0,0.0
広島西,一般病床,500,300,100,900,0.4444,0.3333,0.1111
広島西,感染症病床,0,0,0,0,0.0,0.0,0.0
広島西,療養病床,500,200,100,800,0.375,0.25,0.125
広島西,療養病床（介護保険適用病床）,0,0,0,0,0.0,0.0,0.0
広島西,療養病床（医療保険適用病床）,400,200,100,700,0.4286,0.2857,0.1429
広島西,精神病床,300,0,100,400,0.25,0.0,0.25
広島西,結核病床,0,0,0,0,0.0,0.0,0.0
庄内,一般病床,1300,0,0,1300,0.0,0.0,0.0
庄内,感染症病床,0,0,0,0,0.0,0.0,0.0
庄内,療養病床,600,0,0,600,0.0,0.0,0.0
庄内,療養病床（介護保険適用病床）,0,0,0,0,0.0,0.0,0.0
庄内,療養病床（医療保険適用病床）,600,0,0,600,0.0,0.0,0.0
庄内,精神病床,600,0,0,600,0.0,0.0,0.0
庄内,結核病床,0,0,0,0,0.0,0.0,0.0
延岡西臼杵,一般病床,600,100,0,700,0.1429,0.1429,0.0
延岡西臼杵,感染症病床,0,0,0,0,0.0,0.0,0.0
延岡西臼杵,療養病床,300,0,0,300,0.0,0.0,0.0
延岡西臼杵,療養病床（介護保険適用病床）,0,0,0,0,0.0,0.0,0.0
延岡西臼杵,療養病床（医療保険適用病床）,300,0,0,300,0.0,0.0,0.0
延岡西臼杵,精神病床,700,0,0,700,0.0,0.0,0.0
延岡西臼杵,結核病床,0,0,0,0,0.0,0.0,0.0
後志,一般病床,1300,100,0,1400,0.0714,0.0714,0.0
後志,感染症病床,0,0,0,0,0.0,0.0,0.0
後志,療養病床,600,0,0,600,0.0,0.0,0.0
後志,療養病床（介護保険適用病床）,0,0,0,0,0.0,0.0,0.0
後志,療養病床（医療保険適用病床）,600,0,0,600,0.0,0.0,0.0
後志,精神病床,900,100,0,1000,0.1,0.1,0.0
後志,結核病床,0,0,0,0,0.0,0.0,0.0
御坊,一般病床,400,100,100,600,0.3333,0.1667,0.1667
御坊,感染症病床,0,0,0,0,0.0,0.0,0.0
御坊,療養病床,0,0,0,0,0.0,0.0,0.0
御坊,療養病床（介護保険適用病床）,0,0,0,0,0.0,0.0,0.0
御坊,療養病床（医療保険適用病床）,0,0,0,0,0.0,0.0,0.0
御坊,精神病床,0,0,0,0,0.0,0.0,0.0
御坊,結核病床,0,0,0,0,0.0,0.0,0.0
志太榛原,一般病床,1800,0,0,1800,0.0,0.0,0.0
志太榛原,感染症病床,0,0,0,0,0.0,0.0,0.0
志太榛原,療養病床,700,0,0,700,0.0,0.0,0.0
志太榛原,療養病床（介護保険適用病床）,0,0,0,0,0.0,0.0,0.0
志太榛原,療養病床（医療保険適用病床）,700,0,0,700,0.0,0.0,0.0
志太榛原,精神病床,300,0,0,300,0.0,0.0,0.0
志太榛原,結核病床,0,0,0,0,0.0,0.0,0.0
播磨姫路,一般病床,4400,300,100,4800,0.0833,0.0625,0.0208
播磨姫路,感染症病床,0,0,0,0,0.0,0.0,0.0
播磨姫路,療養病床,1200,100,0,1300,0.0769,0.0769,0.0
播磨姫路,療養病床（介護保険適用病床）,0,0,0,0,0.0,0.0,0.0
播磨姫路,療養病床（医療保険適用病床）,1200,100,0,1300,0.0769,0.0769,0.0
播磨姫路,精神病床,1500,200,0,1700,0.1176,0.1176,0.0
播磨姫路,結核病床,0,0,0,0,0.0,0.0,0.0
新宮,一般病床,400,0,100,500,0.2,0.0,0.2
新宮,感染症病床,0,0,0,0,0.0,0.0,0.0
新宮,療養病床,100,0,0,100,0.0,0.0,0.0
新宮,療養病床（介護保険適用病床）,0,0,0,0,0.0,0.0,0.0
新宮,療養病床（医療保険適用病床）,100,0,0,100,0.0,0.0,0.0
新宮,精神病床,200,0,0,200,0.0,0.0,0.0
新宮,結核病床,0,0,0,0,0.0,0.0,0.0
新居浜・西条,一般病床,1300,100,0,1400,0.0714,0.0714,0.0
新居浜・西条,感染症病床,0,0,0,0,0.0,0.0,0.0
新居浜・西条,療養病床,500,0,0,500,0.0,0.0,0.0
新居浜・西条,療養病床（介護保険適用病床）,0,0,0,0,0.0,0.0,0.0
新居浜・西条,療養病床（医療保険適用病床）,500,0,0,500,0.0,0.0,0.0
新居浜・西条,精神病床,600,100,0,700,0.1429,0.1429,0.0
新居浜・西条,結核病床,0,0,0,0,0.0,0.0,0.0
新川,一般病床,700,0,0,700,0.0,0.0,0.0
新川,感染症病床,0,0,0,0,0.0,0.0,0.0
新川,療養病床,400,0,0,400,0.0,0.0,0.0
新川,療養病床（介護保険適用病床）,0,0,0,0,0.0,0.0,0.0
新川,療養病床（医療保険適用病床）,400,0,0,400,0.0,0.0,0.0
新川,精神病床,200,0,0,200,0.0,0.0,0.0
新川,結核病床,0,0,0,0,0.0,0.0,0.0
新潟,一般病床,4800,600,0,5400,0.1111,0.1111,0.0
新潟,感染症病床,0,0,0,0,0.0,0.0,0.0
新潟,療養病床,1100,200,0,1300,0.1538,0.1538,0.0
新潟,療養病床（介護保険適用病床）,0,0,0,0,0.0,0.0,0.0
新潟,療養病床（医療保険適用病床）,1100,200,0,1300,0.1538,0.1538,0.0
新潟,精神病床,1800,300,0,2100,0.1429,0.1429,0.0
新潟,結核病床,0,0,0,0,0.0,0.0,0.0
日南串間,一般病床,500,100,0,600,0.1667,0.1667,0.0
日南串間,感染症病床,0,0,0,0,0.0,0.0,0.0
日南串間,療養病床,200,0,0,200,0.0,0.0,0.0
日南串間,療養病床（介護保険適用病床）,0,0,0,0,0.0,0.0,0.0
日南串間,療養病床（医療保険適用病床）,200,0,0,200,0.0,0.0,0.0
日南串間,精神病床,600,0,0,600,0.0,0.0,0.0
日南串間,結核病床,0,0,0,0,0.0,0.0,0.0
日向入郷,一般病床,200,0,0,200,0.0,0.0,0.0
日向入郷,感染症病床,0,0,0,0,0.0,0.0,0.0
日向入郷,療養病床,200,0,0,200,0.0,0.0,0.0
日向入郷,療養病床（介護保険適用病床）,0,0,0,0,0.0,0.0,0.0
日向入郷,療養病床（医療保険適用病床）,200,0,0,200,0.0,0.0,0.0
日向入郷,精神病床,600,100,0,700,0.1429,0.1429,0.0
日向入郷,結核病床,0,0,0,0,0.0,0.0,0.0
日立,一般病床,900,100,0,1000,0.1,0.1,0.0
日立,感染症病床,0,0,0,0,0.0,0.0,0.0
日立,療養病床,300,0,0,300,0.0,0.0,0.0
日立,療養病床（介護保険適用病床）,0,0,0,0,0.0,0.0,0.0
日立,療養病床（医療保険適用病床）,300,0,0,300,0.0,0.0,0.0
日立,精神病床,600,200,0,800,0.25,0.25,0.0
日立,結核病床,0,0,0,0,0.0,0.0,0.0
日高,一般病床,300,0,0,300,0.0,0.0,0.0
日高,感染症病床,0,0,0,0,0.0,0.0,0.0
日高,療養病床,100,0,0,100,0.0,0.0,0.0
日高,療養病床（介護保険適用病床）,0,0,0,0,0.0,0.0,0.0
日高,療養病床（医療保険適用病床）,100,0,0,100,0.0,0.0,0.0
日高,精神病床,200,0,0,200,0.0,0.0,0.0
日高,結核病床,0,0,0,0,0.0,0.0,0.0
曽於,一般病床,200,0,0,200,0.0,0.0,0.0
曽於,感染症病床,0,0,0,0,0.0,0.0,0.0
曽於,療養病床,100,0,0,100,0.0,0.0,0.0
曽於,療養病床（介護保険適用病床）,0,0,0,0,0.0,0.0,0.0
曽於,療養病床（医療保険適用病床）,100,0,0,100,0.0,0.0,0.0
曽於,精神病床,100,0,0,100,0.0,0.0,0.0
曽於,結核病床,0,0,0,0,0.0,0.0,0.0
最上,一般病床,100,0,0,100,0.0,0.0,0.0
最上,感染症病床,0,0,0,0,0.0,0.0,0.0
最上,療養病床,100,0,0,100,0.0,0.0,0.0
最上,療養病床（介護保険適用病床）,0,0,0,0,0.0,0.0,0.0
最上,療養病床（医療保険適用病床）,100,0,0,100,0.0,0.0,0.0
最上,精神病床,100,0,0,100,0.0,0.0,0.0
最上,結核病床,0,0,0,0,0.0,0.0,0.0
有明,一般病床,2300,200,300,2800,0.1786,0.0714,0.1071
有明,感染症病床,0,0,0,0,0.0,0.0,0.0
有明,療養病床,1200,100,0,1300,0.0769,0.0769,0.0
有明,療養病床（介護保険適用病床）,0,0,0,0,0.0,0.0,0.0
有明,療養病床（医療保険適用病床）,1200,100,0,1300,0.0769,0.0769,0.0
有明,精神病床,1900,200,200,2300,0.1739,0.087,0.087
有明,結核病床,0,0,0,0,0.0,0.0,0.0
有田,一般病床,300,0,0,300,0.0,0.0,0.0
有田,感染症病床,0,0,0,0,0.0,0.0,0.0
有田,療養病床,100,0,0,100,0.0,0.0,0.0
有田,療養病床（介護保険適用病床）,0,0,0,0,0.0,0.0,0.0
有田,療養病床（医療保険適用病床）,100,0,0,100,0.0,0.0,0.0
有田,精神病床,0,0,0,0,0.0,0.0,0.0
有田,結核病床,0,0,0,0,0.0,0.0,0.0
朝倉,一般病床,700,200,0,900,0.2222,0.2222,0.0
朝倉,感染症病床,0,0,0,0,0.0,0.0,0.0
朝倉,療養病床,300,100,0,400,0.25,0.25,0.0
朝倉,療養病床（介護保険適用病床）,0,0,0,0,0.0,0.0,0.0
朝倉,療養病床（医療保険適用病床）,300,100,0,400,0.25,0.25,0.0
朝倉,精神病床,200,100,0,300,0.3333,0.3333,0.0
朝倉,結核病床,0,0,0,0,0.0,0.0,0.0
木曽,一般病床,100,0,0,100,0.0,0.0,0.0
木曽,感染症病床,0,0,0,0,0.0,0.0,0.0
木曽,療養病床,0,0,0,0,0.0,0.0,0.0
木曽,療養病床（介護保険適用病床）,0,0,0,0,0.0,0.0,0.0
木曽,療養病床（医療保険適用病床）,0,0,0,0,0.0,0.0,0.0
木曽,精神病床,0,0,0,0,0.0,0.0,0.0
木曽,結核病床,0,0,0,0,0.0,0.0,0.0
札幌,一般病床,15100,1900,100,17100,0.117,0.1111,0.0058
札幌,感染症病床,0,0,0,0,0.0,0.0,0.0
札幌,療養病床,6200,600,0,6800,0.0882,0.0882,0.0
札幌,療養病床（介護保険適用病床）,100,0,0,100,0.0,0.0,0.0
札幌,療養病床（医療保険適用病床）,6100,600,0,6700,0.0896,0.0896,0.0
札幌,精神病床,6500,500,0,7000,0.0714,0.0714,0.0
札幌,結核病床,0,0,0,0,0.0,0.0,0.0
村山,一般病床,2900,300,100,3300,0.1212,0.0909,0.0303
村山,感染症病床,0,0,0,0,0.0,0.0,0.0
村山,療養病床,500,0,0,500,0.0,0.0,0.0
村山,療養病床（介護保険適用病床）,0,0,0,0,0.0,0.0,0.0
村山,療養病床（医療保険適用病床）,500,0,0,500,0.0,0.0,0.0
村山,精神病床,1700,100,0,1800,0.0556,0.0556,0.0
村山,結核病床,0,0,0,0,0.0,0.0,0.0
東三河北部,一般病床,100,0,0,100,0.0,0.0,0.0
東三河北部,感染症病床,0,0,0,0,0.0,0.0,0.0
東三河北部,療養病床,100,0,0,100,0.0,0.0,0.0
東三河北部,療養病床（介護保険適用病床）,0,0,0,0,0.0,0.0,0.0
東三河北部,療養病床（医療保険適用病床）,100,0,0,100,0.0,0.0,0.0
東三河北部,精神病床,0,0,0,0,0.0,0.0,0.0
東三河北部,結核病床,0,0,0,0,0.0,0.0,0.0
東三河南部,一般病床,2400,300,100,2800,0.1429,0.1071,0.0357
東三河南部,感染症病床,0,0,0,0,0.0,0.0,0.0
東三河南部,療養病床,1900,100,200,2200,0.1364,0.0455,0.0909
東三河南部,療養病床（介護保険適用病床）,0,0,0,0,0.0,0.0,0.0
東三河南部,療養病床（医療保険適用病床）,1900,100,200,2200,0.1364,0.0455,0.0909
東三河南部,精神病床,1100,100,100,1300,0.1538,0.0769,0.0769
東三河南部,結核病床,0,0,0,0,0.0,0.0,0.0
東和,一般病床,700,500,100,1300,0.4615,0.3846,0.0769
東和,感染症病床,0,0,0,0,0.0,0.0,0.0
東和,療養病床,200,100,0,300,0.3333,0.3333,0.0
東和,療養病床（介護保険適用病床）,0,0,0,0,0.0,0.0,0.0
東和,療養病床（医療保険適用病床）,200,100,0,300,0.3333,0.3333,0.0
東和,精神病床,0,0,0,0,0.0,0.0,0.0
東和,結核病床,0,0,0,0,0.0,0.0,0.0
東播磨,一般病床,2500,600,0,3100,0.1935,0.1935,0.0
東播磨,感染症病床,0,0,0,0,0.0,0.0,0.0
東播磨,療養病床,1200,200,0,1400,0.1429,0.1429,0.0
東播磨,療養病床（介護保険適用病床）,0,0,0,0,0.0,0.0,0.0
東播磨,療養病床（医療保険適用病床）,1200,200,0,1400,0.1429,0.1429,0.0
東播磨,精神病床,800,400,0,1200,0.3333,0.3333,0.0
東播磨,結核病床,0,0,0,0,0.0,0.0,0.0
東濃,一般病床,1100,100,0,1200,0.0833,0.0833,0.0
東濃,感染症病床,0,0,0,0,0.0,0.0,0.0
東濃,療養病床,100,0,0,100,0.0,0.0,0.0
東濃,療養病床（介護保険適用病床）,0,0,0,0,0.0,0.0,0.0
東濃,療養病床（医療保険適用病床）,100,0,0,100,0.0,0.0,0.0
東濃,精神病床,400,0,0,400,0.0,0.0,0.0
東濃,結核病床,0,0,0,0,0.0,0.0,0.0
東紀州,一般病床,200,0,0,200,0.0,0.0,0.0
東紀州,感染症病床,0,0,0,0,0.0,0.0,0.0
東紀州,療養病床,200,0,0,200,0.0,0.0,0.0
東紀州,療養病床（介護保険適用病床）,0,0,0,0,0.0,0.0,0.0
東紀州,療養病床（医療保険適用病床）,200,0,0,200,0.0,0.0,0.0
東紀州,精神病床,200,0,100,300,0.3333,0.0,0.3333
東紀州,結核病床,0,0,0,0,0.0,0.0,0.0
東胆振,一般病床,800,100,0,900,0.1111,0.1111,0.0
東胆振,感染症病床,0,0,0,0,0.0,0.0,0.0
東胆振,療養病床,400,0,0,400,0.0,0.0,0.0
東胆振,療養病床（介護保険適用病床）,0,0,0,0,0.0,0.0,0.0
東胆振,療養病床（医療保険適用病床）,400,0,0,400,0.0,0.0,0.0
東胆振,精神病床,600,100,0,700,0.1429,0.1429,0.0
東胆振,結核病床,0,0,0,0,0.0,0.0,0.0
東葛北部,一般病床,5300,500,700,6500,0.1846,0.0769,0.1077
東葛北部,感染症病床,0,0,0,0,0.0,0.0,0.0
東葛北部,療養病床,1200,100,200,1500,0.2,0.0667,0.1333
東葛北部,療養病床（介護保険適用病床）,0,0,0,0,0.0,0.0,0.0
東葛北部,療養病床（医療保険適用病床）,1200,100,200,1500,0.2,0.0667,0.1333
東葛北部,精神病床,1300,100,400,1800,0.2778,0.0556,0.2222
東葛北部,結核病床,0,0,0,0,0.0,0.0,0.0
東葛南部,一般病床,5200,900,300,6400,0.1875,0.1406,0.0469
東葛南部,感染症病床,0,0,0,0,0.0,0.0,0.0
東葛南部,療養病床,1500,600,100,2200,0.3182,0.2727,0.0455
東葛南部,療養病床（介護保険適用病床）,0,0,0,0,0.0,0.0,0.0
東葛南部,療養病床（医療保険適用病床）,1500,600,100,2200,0.3182,0.2727,0.0455
東葛南部,精神病床,1800,800,500,3100,0.4194,0.2581,0.1613
東葛南部,結核病床,0,0,0,0,0.0,0.0,0.0
東近江,一般病床,800,100,0,900,0.1111,0.1111,0.0
東近江,感染症病床,0,0,0,0,0.0,0.0,0.0
東近江,療養病床,400,200,0,600,0.3333,0.3333,0.0
東近江,療養病床（介護保険適用病床）,0,0,0,0,0.0,0.0,0.0
東近江,療養病床（医療保険適用病床）,400,200,0,600,0.3333,0.3333,0.0
東近江,精神病床,200,200,0,400,0.5,0.5,0.0
東近江,結核病床,0,0,0,0,0.0,0.0,0.0
東部,一般病床,12800,1400,900,15100,0.1523,0.0927,0.0596
東部,感染症病床,0,0,0,0,0.0,0.0,0.0
東部,療養病床,4300,600,500,5400,0.2037,0.1111,0.0926
東部,療養病床（介護保険適用病床）,100,0,0,100,0.0,0.0,0.0
東部,療養病床（医療保険適用病床）,4100,500,500,5100,0.1961,0.098,0.098
東部,精神病床,4700,900,700,6300,0.254,0.1429,0.1111
東部,結核病床,0,0,0,0,0.0,0.0,0.0
松山,一般病床,2900,800,100,3800,0.2368,0.2105,0.0263
松山,感染症病床,0,0,0,0,0.0,0.0,0.0
松山,療養病床,1700,100,0,1800,0.0556,0.0556,0.0
松山,療養病床（介護保険適用病床）,0,0,0,0,0.0,0.0,0.0
松山,療養病床（医療保険適用病床）,1700,100,0,1800,0.0556,0.0556,0.0
松山,精神病床,1200,100,0,1300,0.0769,0.0769,0.0
松山,結核病床,0,0,0,0,0.0,0.0,0.0
松本,一般病床,2100,500,0,2600,0.1923,0.1923,0.0
松本,感染症病床,0,0,0,0,0.0,0.0,0.0
松本,療養病床,200,0,0,200,0.0,0.0,0.0
松本,療養病床（介護保険適用病床）,0,0,0,0,0.0,0.0,0.0
松本,療養病床（医療保険適用病床）,200,0,0,200,0.0,0.0,0.0
松本,精神病床,700,200,0,900,0.2222,0.2222,0.0
松本,結核病床,0,0,0,0,0.0,0.0,0.0
松江,一般病床,1400,100,0,1500,0.0667,0.0667,0.0
松江,感染症病床,0,0,0,0,0.0,0.0,0.0
松江,療養病床,300,0,0,300,0.0,0.0,0.0
松江,療養病床（介護保険適用病床）,0,0,0,0,0.0,0.0,0.0
松江,療養病床（医療保険適用病床）,300,0,0,300,0.0,0.0,0.0
松江,精神病床,400,200,0,600,0.3333,0.3333,0.0
松江,結核病床,0,0,0,0,0.0,0.0,0.0
柳井,一般病床,500,200,0,700,0.2857,0.2857,0.0
柳井,感染症病床,0,0,0,0,0.0,0.0,0.0
柳井,療養病床,200,100,0,300,0.3333,0.3333,0.0
柳井,療養病床（介護保険適用病床）,0,0,0,0,0.0,0.0,0.0
柳井,療養病床（医療保険適用病床）,200,100,0,300,0.3333,0.3333,0.0
柳井,精神病床,300,100,0,400,0.25,0.25,0.0
柳井,結核病床,0,0,0,0,0.0,0.0,0.0
根室,一般病床,200,0,0,200,0.0,0.0,0.0
根室,感染症病床,0,0,0,0,0.0,0.0,0.0
根室,療養病床,100,0,0,100,0.0,0.0,0.0
根室,療養病床（介護保険適用病床）,0,0,0,0,0.0,0.0,0.0
根室,療養病床（医療保険適用病床）,100,0,0,100,0.0,0.0,0.0
根室,精神病床,200,0,0,200,0.0,0.0,0.0
根室,結核病床,0,0,0,0,0.0,0.0,0.0
桐生,一般病床,800,100,0,900,0.1111,0.1111,0.0
桐生,感染症病床,0,0,0,0,0.0,0.0,0.0
桐生,療養病床,300,0,0,300,0.0,0.0,0.0
桐生,療養病床（介護保険適用病床）,0,0,0,0,0.0,0.0,0.0
桐生,療養病床（医療保険適用病床）,300,0,0,300,0.0,0.0,0.0
桐生,精神病床,200,0,0,200,0.0,0.0,0.0
桐生,結核病床,0,0,0,0,0.0,0.0,0.0
横手,一般病床,400,100,0,500,0.2,0.2,0.0
横手,感染症病床,0,0,0,0,0.0,0.0,0.0
横手,療養病床,0,0,0,0,0.0,0.0,0.0
横手,療養病床（介護保険適用病床）,0,0,0,0,0.0,0.0,0.0
横手,療養病床（医療保険適用病床）,0,0,0,0,0.0,0.0,0.0
横手,精神病床,100,100,0,200,0.5,0.5,0.0
横手,結核病床,0,0,0,0,0.0,0.0,0.0
横浜,一般病床,13600,1700,600,15900,0.1447,0.1069,0.0377
横浜,感染症病床,0,0,0,0,0.0,0.0,0.0
横浜,療養病床,2800,600,200,3600,0.2222,0.1667,0.0556
横浜,療養病床（介護保険適用病床）,100,0,0,100,0.0,0.0,0.0
横浜,療養病床（医療保険適用病床）,2700,600,200,3500,0.2286,0.1714,0.0571
横浜,精神病床,2900,600,200,3700,0.2162,0.1622,0.0541
横浜,結核病床,0,0,0,0,0.0,0.0,0.0
横須賀・三浦,一般病床,2700,600,100,3400,0.2059,0.1765,0.0294
横須賀・三浦,感染症病床,0,0,0,0,0.0,0.0,0.0
横須賀・三浦,療養病床,600,200,0,800,0.25,0.25,0.0
横須賀・三浦,療養病床（介護保険適用病床）,0,0,0,0,0.0,0.0,0.0
横須賀・三浦,療養病床（医療保険適用病床）,600,200,0,800,0.25,0.25,0.0
横須賀・三浦,精神病床,500,200,0,700,0.2857,0.2857,0.0
横須賀・三浦,結核病床,0,0,0,0,0.0,0.0,0.0
橋本,一般病床,500,0,100,600,0.1667,0.0,0.1667
橋本,感染症病床,0,0,0,0,0.0,0.0,0.0
橋本,療養病床,0,0,0,0,0.0,0.0,0.0
橋本,療養病床（介護保険適用病床）,0,0,0,0,0.0,0.0,0.0
橋本,療養病床（医療保険適用病床）,0,0,0,0,0.0,0.0,0.0
橋本,精神病床,100,0,0,100,0.0,0.0,0.0
橋本,結核病床,0,0,0,0,0.0,0.0,0.0
気仙,一般病床,200,0,0,200,0.0,0.0,0.0
気仙,感染症病床,0,0,0,0,0.0,0.0,0.0
気仙,療養病床,0,0,0,0,0.0,0.0,0.0
気仙,療養病床（介護保険適用病床）,0,0,0,0,0.0,0.0,0.0
気仙,療養病床（医療保険適用病床）,0,0,0,0,0.0,0.0,0.0
気仙,精神病床,100,0,0,100,0.0,0.0,0.0
気仙,結核病床,0,0,0,0,0.0,0.0,0.0
水戸,一般病床,1800,1000,100,2900,0.3793,0.3448,0.0345
水戸,感染症病床,0,0,0,0,0.0,0.0,0.0
水戸,療養病床,400,200,0,600,0.3333,0.3333,0.0
水戸,療養病床（介護保険適用病床）,0,0,0,0,0.0,0.0,0.0
水戸,療養病床（医療保険適用病床）,400,200,0,600,0.3333,0.3333,0.0
水戸,精神病床,400,400,0,800,0.5,0.5,0.0
水戸,結核病床,0,0,0,0,0.0,0.0,0.0
沼田,一般病床,500,100,0,600,0.1667,0.1667,0.0
沼田,感染症病床,0,0,0,0,0.0,0.0,0.0
沼田,療養病床,200,0,0,200,0.0,0.0,0.0
沼田,療養病床（介護保険適用病床）,0,0,0,0,0.0,0.0,0.0
沼田,療養病床（医療保険適用病床）,200,0,0,200,0.0,0.0,0.0
沼田,精神病床,0,0,0,0,0.0,0.0,0.0
沼田,結核病床,0,0,0,0,0.0,0.0,0.0
泉州,一般病床,3500,300,100,3900,0.1026,0.0769,0.0256
泉州,感染症病床,0,0,0,0,0.0,0.0,0.0
泉州,療養病床,2400,200,200,2800,0.1429,0.0714,0.0714
泉州,療養病床（介護保険適用病床）,0,0,0,0,0.0,0.0,0.0
泉州,療養病床（医療保険適用病床）,2400,200,200,2800,0.1429,0.0714,0.0714
泉州,精神病床,3400,1200,400,5000,0.32,0.24,0.08
泉州,結核病床,0,0,0,0,0.0,0.0,0.0
津山・英田,一般病床,700,0,0,700,0.0,0.0,0.0
津山・英田,感染症病床,0,0,0,0,0.0,0.0,0.0
津山・英田,療養病床,500,0,0,500,0.0,0.0,0.0
津山・英田,療養病床（介護保険適用病床）,0,0,0,0,0.0,0.0,0.0
津山・英田,療養病床（医療保険適用病床）,500,0,0,500,0.0,0.0,0.0
津山・英田,精神病床,400,0,0,400,0.0,0.0,0.0
津山・英田,結核病床,0,0,0,0,0.0,0.0,0.0
津軽地域,一般病床,1700,400,100,2200,0.2273,0.1818,0.0455
津軽地域,感染症病床,0,0,0,0,0.0,0.0,0.0
津軽地域,療養病床,400,100,0,500,0.2,0.2,0.0
津軽地域,療養病床（介護保険適用病床）,0,0,0,0,0.0,0.0,0.0
津軽地域,療養病床（医療保険適用病床）,400,100,0,500,0.2,0.2,0.0
津軽地域,精神病床,500,100,0,600,0.1667,0.1667,0.0
津軽地域,結核病床,0,0,0,0,0.0,0.0,0.0
浜田,一般病床,400,0,0,400,0.0,0.0,0.0
浜田,感染症病床,0,0,0,0,0.0,0.0,0.0
浜田,療養病床,200,100,0,300,0.3333,0.3333,0.0
浜田,療養病床（介護保険適用病床）,0,0,0,0,0.0,0.0,0.0
浜田,療養病床（医療保険適用病床）,200,100,0,300,0.3333,0.3333,0.0
浜田,精神病床,300,0,0,300,0.0,0.0,0.0
浜田,結核病床,0,0,0,0,0.0,0.0,0.0
海部,一般病床,800,100,100,1000,0.2,0.1,0.1
海部,感染症病床,0,0,0,0,0.0,0.0,0.0
海部,療養病床,400,0,0,400,0.0,0.0,0.0
海部,療養病床（介護保険適用病床）,0,0,0,0,0.0,0.0,0.0
海部,療養病床（医療保険適用病床）,400,0,0,400,0.0,0.0,0.0
海部,精神病床,300,200,0,500,0.4,0.4,0.0
海部,結核病床,0,0,0,0,0.0,0.0,0.0
淡路,一般病床,600,0,0,600,0.0,0.0,0.0
淡路,感染症病床,0,0,0,0,0.0,0.0,0.0
淡路,療養病床,800,0,0,800,0.0,0.0,0.0
淡路,療養病床（介護保険適用病床）,0,0,0,0,0.0,0.0,0.0
淡路,療養病床（医療保険適用病床）,800,0,0,800,0.0,0.0,0.0
淡路,精神病床,200,0,0,200,0.0,0.0,0.0
淡路,結核病床,0,0,0,0,0.0,0.0,0.0
渋川,一般病床,600,300,0,900,0.3333,0.3333,0.0
渋川,感染症病床,0,0,0,0,0.0,0.0,0.0
渋川,療養病床,100,0,0,100,0.0,0.0,0.0
渋川,療養病床（介護保険適用病床）,0,0,0,0,0.0,0.0,0.0
渋川,療養病床（医療保険適用病床）,100,0,0,100,0.0,0.0,0.0
渋川,精神病床,300,500,0,800,0.625,0.625,0.0
渋川,結核病床,0,0,0,0,0.0,0.0,0.0
湖北,一般病床,500,0,0,500,0.0,0.0,0.0
湖北,感染症病床,0,0,0,0,0.0,0.0,0.0
湖北,療養病床,100,0,0,100,0.0,0.0,0.0
湖北,療養病床（介護保険適用病床）,0,0,0,0,0.0,0.0,0.0
湖北,療養病床（医療保険適用病床）,100,0,0,100,0.0,0.0,0.0
湖北,精神病床,300,100,0,400,0.25,0.25,0.0
湖北,結核病床,0,0,0,0,0.0,0.0,0.0
湖南,一般病床,1300,600,100,2000,0.35,0.3,0.05
湖南,感染症病床,0,0,0,0,0.0,0.0,0.0
湖南,療養病床,100,100,0,200,0.5,0.5,0.0
湖南,療養病床（介護保険適用病床）,0,0,0,0,0.0,0.0,0.0
湖南,療養病床（医療保険適用病床）,100,100,0,200,0.5,0.5,0.0
湖南,精神病床,100,100,0,200,0.5,0.5,0.0
湖南,結核病床,0,0,0,0,0.0,0.0,0.0
湖東,一般病床,600,100,0,700,0.1429,0.1429,0.0
湖東,感染症病床,0,0,0,0,0.0,0.0,0.0
湖東,療養病床,100,0,0,100,0.0,0.0,0.0
湖東,療養病床（介護保険適用病床）,0,0,0,0,0.0,0.0,0.0
湖東,療養病床（医療保険適用病床）,100,0,0,100,0.0,0.0,0.0
湖東,精神病床,100,0,0,100,0.0,0.0,0.0
湖東,結核病床,0,0,0,0,0.0,0.0,0.0
湖西,一般病床,200,0,0,200,0.0,0.0,0.0
湖西,感染症病床,0,0,0,0,0.0,0.0,0.0
湖西,療養病床,100,0,0,100,0.0,0.0,0.0
湖西,療養病床（介護保険適用病床）,0,0,0,0,0.0,0.0,0.0
湖西,療養病床（医療保険適用病床）,100,0,0,100,0.0,0.0,0.0
湖西,精神病床,0,0,0,0,0.0,0.0,0.0
湖西,結核病床,0,0,0,0,0.0,0.0,0.0
湘南東部,一般病床,2200,600,0,2800,0.2143,0.2143,0.0
湘南東部,感染症病床,0,0,0,0,0.0,0.0,0.0
湘南東部,療養病床,600,200,0,800,0.25,0.25,0.0
湘南東部,療養病床（介護保険適用病床）,0,0,0,0,0.0,0.0,0.0
湘南東部,療養病床（医療保険適用病床）,600,200,0,800,0.25,0.25,0.0
湘南東部,精神病床,500,300,0,800,0.375,0.375,0.0
湘南東部,結核病床,0,0,0,0,0.0,0.0,0.0
湘南西部,一般病床,1700,600,0,2300,0.2609,0.2609,0.0
湘南西部,感染症病床,0,0,0,0,0.0,0.0,0.0
湘南西部,療養病床,700,300,0,1000,0.3,0.3,0.0
湘南西部,療養病床（介護保険適用病床）,0,0,0,0,0.0,0.0,0.0
湘南西部,療養病床（医療保険適用病床）,600,200,0,800,0.25,0.25,0.0
湘南西部,精神病床,800,400,0,1200,0.3333,0.3333,0.0
湘南西部,結核病床,0,0,0,0,0.0,0.0,0.0
湯沢・雄勝,一般病床,200,0,0,200,0.0,0.0,0.0
湯沢・雄勝,感染症病床,0,0,0,0,0.0,0.0,0.0
湯沢・雄勝,療養病床,0,0,0,0,0.0,0.0,0.0
湯沢・雄勝,療養病床（介護保険適用病床）,0,0,0,0,0.0,0.0,0.0
湯沢・雄勝,療養病床（医療保険適用病床）,0,0,0,0,0.0,0.0,0.0
湯沢・雄勝,精神病床,100,0,0,100,0.0,0.0,0.0
湯沢・雄勝,結核病床,0,0,0,0,0.0,0.0,0.0
熊本・上益城,一般病床,5500,1500,100,7100,0.2254,0.2113,0.0141
熊本・上益城,感染症病床,0,0,0,0,0.0,0.0,0.0
熊本・上益城,療養病床,1700,300,0,2000,0.15,0.15,0.0
熊本・上益城,療養病床（介護保険適用病床）,0,0,0,0,0.0,0.0,0.0
熊本・上益城,療養病床（医療保険適用病床）,1700,300,0,2000,0.15,0.15,0.0
熊本・上益城,精神病床,2400,500,0,2900,0.1724,0.1724,0.0
熊本・上益城,結核病床,0,0,0,0,0.0,0.0,0.0
熊毛,一般病床,300,0,0,300,0.0,0.0,0.0
熊毛,感染症病床,0,0,0,0,0.0,0.0,0.0
熊毛,療養病床,0,0,0,0,0.0,0.0,0.0
熊毛,療養病床（介護保険適用病床）,0,0,0,0,0.0,0.0,0.0
熊毛,療養病床（医療保険適用病床）,0,0,0,0,0.0,0.0,0.0
熊毛,精神病床,100,0,0,100,0.0,0.0,0.0
熊毛,結核病床,0,0,0,0,0.0,0.0,0.0
熱海伊東,一般病床,500,0,100,600,0.1667,0.0,0.1667
熱海伊東,感染症病床,0,0,0,0,0.0,0.0,0.0
熱海伊東,療養病床,100,0,100,200,0.5,0.0,0.5
熱海伊東,療養病床（介護保険適用病床）,0,0,0,0,0.0,0.0,0.0
熱海伊東,療養病床（医療保険適用病床）,100,0,100,200,0.5,0.0,0.5
熱海伊東,精神病床,0,0,0,0,0.0,0.0,0.0
熱海伊東,結核病床,0,0,0,0,0.0,0.0,0.0
球磨,一般病床,500,0,0,500,0.0,0.0,0.0
球磨,感染症病床,0,0,0,0,0.0,0.0,0.0
球磨,療養病床,300,0,0,300,0.0,0.0,0.0
球磨,療養病床（介護保険適用病床）,0,0,0,0,0.0,0.0,0.0
球磨,療養病床（医療保険適用病床）,300,0,0,300,0.0,0.0,0.0
球磨,精神病床,300,0,0,300,0.0,0.0,0.0
球磨,結核病床,0,0,0,0,0.0,0.0,0.0
田川,一般病床,700,0,0,700,0.0,0.0,0.0
田川,感染症病床,0,0,0,0,0.0,0.0,0.0
田川,療養病床,200,0,0,200,0.0,0.0,0.0
田川,療養病床（介護保険適用病床）,0,0,0,0,0.0,0.0,0.0
田川,療養病床（医療保険適用病床）,200,0,0,200,0.0,0.0,0.0
田川,精神病床,900,500,0,1400,0.3571,0.3571,0.0
田川,結核病床,0,0,0,0,0.0,0.0,0.0
田辺,一般病床,700,100,0,800,0.125,0.125,0.0
田辺,感染症病床,0,0,0,0,0.0,0.0,0.0
田辺,療養病床,100,0,0,100,0.0,0.0,0.0
田辺,療養病床（介護保険適用病床）,0,0,0,0,0.0,0.0,0.0
田辺,療養病床（医療保険適用病床）,100,0,0,100,0.0,0.0,0.0
田辺,精神病床,100,0,0,100,0.0,0.0,0.0
田辺,結核病床,0,0,0,0,0.0,0.0,0.0
由利本荘・にかほ,一般病床,700,200,0,900,0.2222,0.2222,0.0
由利本荘・にかほ,感染症病床,0,0,0,0,0.0,0.0,0.0
由利本荘・にかほ,療養病床,0,0,0,0,0.0,0.0,0.0
由利本荘・にかほ,療養病床（介護保険適用病床）,0,0,0,0,0.0,0.0,0.0
由利本荘・にかほ,療養病床（医療保険適用病床）,0,0,0,0,0.0,0.0,0.0
由利本荘・にかほ,精神病床,300,0,0,300,0.0,0.0,0.0
由利本荘・にかほ,結核病床,0,0,0,0,0.0,0.0,0.0
甲賀,一般病床,500,100,100,700,0.2857,0.1429,0.1429
甲賀,感染症病床,0,0,0,0,0.0,0.0,0.0
甲賀,療養病床,200,0,0,200,0.0,0.0,0.0
甲賀,療養病床（介護保険適用病床）,0,0,0,0,0.0,0.0,0.0
甲賀,療養病床（医療保険適用病床）,200,0,0,200,0.0,0.0,0.0
甲賀,精神病床,300,100,0,400,0.25,0.25,0.0
甲賀,結核病床,0,0,0,0,0.0,0.0,0.0
留萌,一般病床,100,0,0,100,0.0,0.0,0.0
留萌,感染症病床,0,0,0,0,0.0,0.0,0.0
留萌,療養病床,100,0,0,100,0.0,0.0,0.0
留萌,療養病床（介護保険適用病床）,0,0,0,0,0.0,0.0,0.0
留萌,療養病床（医療保険適用病床）,100,0,0,100,0.0,0.0,0.0
留萌,精神病床,100,0,0,100,0.0,0.0,0.0
留萌,結核病床,0,0,0,0,0.0,0.0,0.0
益田,一般病床,400,0,0,400,0.0,0.0,0.0
益田,感染症病床,0,0,0,0,0.0,0.0,0.0
益田,療養病床,0,0,0,0,0.0,0.0,0.0
益田,療養病床（介護保険適用病床）,0,0,0,0,0.0,0.0,0.0
益田,療養病床（医療保険適用病床）,0,0,0,0,0.0,0.0,0.0
益田,精神病床,200,0,0,200,0.0,0.0,0.0
益田,結核病床,0,0,0,0,0.0,0.0,0.0
盛岡,一般病床,2300,700,100,3100,0.2581,0.2258,0.0323
盛岡,感染症病床,0,0,0,0,0.0,0.0,0.0
盛岡,療養病床,800,300,0,1100,0.2727,0.2727,0.0
盛岡,療養病床（介護保険適用病床）,0,0,0,0,0.0,0.0,0.0
盛岡,療養病床（医療保険適用病床）,700,300,0,1000,0.3,0.3,0.0
盛岡,精神病床,1000,100,0,1100,0.0909,0.0909,0.0
盛岡,結核病床,0,0,0,0,0.0,0.0,0.0
直方・鞍手,一般病床,500,200,0,700,0.2857,0.2857,0.0
直方・鞍手,感染症病床,0,0,0,0,0.0,0.0,0.0
直方・鞍手,療養病床,200,0,0,200,0.0,0.0,0.0
直方・鞍手,療養病床（介護保険適用病床）,0,0,0,0,0.0,0.0,0.0
直方・鞍手,療養病床（医療保険適用病床）,200,0,0,200,0.0,0.0,0.0
直方・鞍手,精神病床,400,100,0,500,0.2,0.2,0.0
直方・鞍手,結核病床,0,0,0,0,0.0,0.0,0.0
相双,一般病床,500,0,0,500,0.0,0.0,0.0
相双,感染症病床,0,0,0,0,0.0,0.0,0.0
相双,療養病床,100,0,0,100,0.0,0.0,0.0
相双,療養病床（介護保険適用病床）,0,0,0,0,0.0,0.0,0.0
相双,療養病床（医療保険適用病床）,100,0,0,100,0.0,0.0,0.0
相双,精神病床,100,0,0,100,0.0,0.0,0.0
相双,結核病床,0,0,0,0,0.0,0.0,0.0
相模原,一般病床,2000,400,300,2700,0.2593,0.1481,0.1111
相模原,感染症病床,0,0,0,0,0.0,0.0,0.0
相模原,療養病床,800,600,200,1600,0.5,0.375,0.125
相模原,療養病床（介護保険適用病床）,100,0,0,100,0.0,0.0,0.0
相模原,療養病床（医療保険適用病床）,800,500,200,1500,0.4667,0.3333,0.1333
相模原,精神病床,400,100,100,600,0.3333,0.1667,0.1667
相模原,結核病床,0,0,0,0,0.0,0.0,0.0
県中,一般病床,2400,400,0,2800,0.1429,0.1429,0.0
県中,感染症病床,0,0,0,0,0.0,0.0,0.0
県中,療養病床,500,100,0,600,0.1667,0.1667,0.0
県中,療養病床（介護保険適用病床）,0,0,0,0,0.0,0.0,0.0
県中,療養病床（医療保険適用病床）,500,100,0,600,0.1667,0.1667,0.0
県中,精神病床,900,200,0,1100,0.1818,0.1818,0.0
県中,結核病床,0,0,0,0,0.0,0.0,0.0
県北,一般病床,3900,400,200,4500,0.1333,0.0889,0.0444
県北,感染症病床,0,0,0,0,0.0,0.0,0.0
県北,療養病床,700,100,0,800,0.125,0.125,0.0
県北,療養病床（介護保険適用病床）,0,0,0,0,0.0,0.0,0.0
県北,療養病床（医療保険適用病床）,700,100,0,800,0.125,0.125,0.0
県北,精神病床,1700,200,0,1900,0.1053,0.1053,0.0
県北,結核病床,0,0,0,0,0.0,0.0,0.0
県南,一般病床,2500,1000,300,3800,0.3421,0.2632,0.0789
県南,感染症病床,0,0,0,0,0.0,0.0,0.0
県南,療養病床,1100,100,100,1300,0.1538,0.0769,0.0769
県南,療養病床（介護保険適用病床）,0,0,0,0,0.0,0.0,0.0
県南,療養病床（医療保険適用病床）,1100,100,100,1300,0.1538,0.0769,0.0769
県南,精神病床,900,200,100,1200,0.25,0.1667,0.0833
県南,結核病床,0,0,0,0,0.0,0.0,0.0
県南東部,一般病床,5300,700,400,6400,0.1719,0.1094,0.0625
県南東部,感染症病床,0,0,0,0,0.0,0.0,0.0
県南東部,療養病床,900,100,0,1000,0.1,0.1,0.0
県南東部,療養病床（介護保険適用病床）,0,0,0,0,0.0,0.0,0.0
県南東部,療養病床（医療保険適用病床）,900,100,0,1000,0.1,0.1,0.0
県南東部,精神病床,1300,300,100,1700,0.2353,0.1765,0.0588
県南東部,結核病床,0,0,0,0,0.0,0.0,0.0
県南西部,一般病床,4100,500,300,4900,0.1633,0.102,0.0612
県南西部,感染症病床,0,0,0,0,0.0,0.0,0.0
県南西部,療養病床,1300,100,0,1400,0.0714,0.0714,0.0
県南西部,療養病床（介護保険適用病床）,100,0,0,100,0.0,0.0,0.0
県南西部,療養病床（医療保険適用病床）,1200,100,0,1300,0.0769,0.0769,0.0
県南西部,精神病床,1100,100,100,1300,0.1538,0.0769,0.0769
県南西部,結核病床,0,0,0,0,0.0,0.0,0.0
県央,一般病床,6200,1600,100,7900,0.2152,0.2025,0.0127
県央,感染症病床,0,0,0,0,0.0,0.0,0.0
県央,療養病床,1700,400,0,2100,0.1905,0.1905,0.0
県央,療養病床（介護保険適用病床）,0,0,0,0,0.0,0.0,0.0
県央,療養病床（医療保険適用病床）,1700,400,0,2100,0.1905,0.1905,0.0
県央,精神病床,2000,1000,100,3100,0.3548,0.3226,0.0323
県央,結核病床,0,0,0,0,0.0,0.0,0.0
県東,一般病床,400,0,0,400,0.0,0.0,0.0
県東,感染症病床,0,0,0,0,0.0,0.0,0.0
県東,療養病床,100,0,0,100,0.0,0.0,0.0
県東,療養病床（介護保険適用病床）,0,0,0,0,0.0,0.0,0.0
県東,療養病床（医療保険適用病床）,100,0,0,100,0.0,0.0,0.0
県東,精神病床,200,0,0,200,0.0,0.0,0.0
県東,結核病床,0,0,0,0,0.0,0.0,0.0
県西,一般病床,1900,200,100,2200,0.1364,0.0909,0.0455
県西,感染症病床,0,0,0,0,0.0,0.0,0.0
県西,療養病床,800,200,100,1100,0.2727,0.1818,0.0909
県西,療養病床（介護保険適用病床）,0,0,0,0,0.0,0.0,0.0
県西,療養病床（医療保険適用病床）,700,200,100,1000,0.3,0.2,0.1
県西,精神病床,700,200,0,900,0.2222,0.2222,0.0
県西,結核病床,0,0,0,0,0.0,0.0,0.0
真庭,一般病床,200,0,0,200,0.0,0.0,0.0
真庭,感染症病床,0,0,0,0,0.0,0.0,0.0
真庭,療養病床,100,0,0,100,0.0,0.0,0.0
真庭,療養病床（介護保険適用病床）,0,0,0,0,0.0,0.0,0.0
真庭,療養病床（医療保険適用病床）,100,0,0,100,0.0,0.0,0.0
真庭,精神病床,100,0,0,100,0.0,0.0,0.0
真庭,結核病床,0,0,0,0,0.0,0.0,0.0
知多半島,一般病床,1800,100,0,1900,0.0526,0.0526,0.0
知多半島,感染症病床,0,0,0,0,0.0,0.0,0.0
知多半島,療養病床,400,0,0,400,0.0,0.0,0.0
知多半島,療養病床（介護保険適用病床）,0,0,0,0,0.0,0.0,0.0
知多半島,療養病床（医療保険適用病床）,400,0,0,400,0.0,0.0,0.0
知多半島,精神病床,500,100,0,600,0.1667,0.1667,0.0
知多半島,結核病床,0,0,0,0,0.0,0.0,0.0
石川中央,一般病床,4400,700,200,5300,0.1698,0.1321,0.0377
石川中央,感染症病床,0,0,0,0,0.0,0.0,0.0
石川中央,療養病床,1300,200,0,1500,0.1333,0.1333,0.0
石川中央,療養病床（介護保険適用病床）,0,0,0,0,0.0,0.0,0.0
石川中央,療養病床（医療保険適用病床）,1300,200,0,1500,0.1333,0.1333,0.0
石川中央,精神病床,1900,300,100,2300,0.1739,0.1304,0.0435
石川中央,結核病床,0,0,0,0,0.0,0.0,0.0
石巻・登米・気仙沼,一般病床,1300,0,0,1300,0.0,0.0,0.0
石巻・登米・気仙沼,感染症病床,0,0,0,0,0.0,0.0,0.0
石巻・登米・気仙沼,療養病床,600,0,0,600,0.0,0.0,0.0
石巻・登米・気仙沼,療養病床（介護保険適用病床）,0,0,0,0,0.0,0.0,0.0
石巻・登米・気仙沼,療養病床（医療保険適用病床）,600,0,0,600,0.0,0.0,0.0
石巻・登米・気仙沼,精神病床,600,200,100,900,0.3333,0.2222,0.1111
石巻・登米・気仙沼,結核病床,0,0,0,0,0.0,0.0,0.0
砺波,一般病床,600,100,0,700,0.1429,0.1429,0.0
砺波,感染症病床,0,0,0,0,0.0,0.0,0.0
砺波,療養病床,400,0,0,400,0.0,0.0,0.0
砺波,療養病床（介護保険適用病床）,0,0,0,0,0.0,0.0,0.0
砺波,療養病床（医療保険適用病床）,400,0,0,400,0.0,0.0,0.0
砺波,精神病床,300,100,0,400,0.25,0.25,0.0
砺波,結核病床,0,0,0,0,0.0,0.0,0.0
神戸,一般病床,7700,1300,300,9300,0.172,0.1398,0.0323
神戸,感染症病床,0,0,0,0,0.0,0.0,0.0
神戸,療養病床,1700,300,0,2000,0.15,0.15,0.0
神戸,療養病床（介護保険適用病床）,0,0,0,0,0.0,0.0,0.0
神戸,療養病床（医療保険適用病床）,1700,300,0,2000,0.15,0.15,0.0
神戸,精神病床,1700,800,100,2600,0.3462,0.3077,0.0385
神戸,結核病床,0,0,0,0,0.0,0.0,0.0
福井・坂井,一般病床,2300,700,100,3100,0.2581,0.2258,0.0323
福井・坂井,感染症病床,0,0,0,0,0.0,0.0,0.0
福井・坂井,療養病床,700,0,0,700,0.0,0.0,0.0
福井・坂井,療養病床（介護保険適用病床）,0,0,0,0,0.0,0.0,0.0
福井・坂井,療養病床（医療保険適用病床）,700,0,0,700,0.0,0.0,0.0
福井・坂井,精神病床,600,200,0,800,0.25,0.25,0.0
福井・坂井,結核病床,0,0,0,0,0.0,0.0,0.0
福山・府中,一般病床,2400,100,100,2600,0.0769,0.0385,0.0385
福山・府中,感染症病床,0,0,0,0,0.0,0.0,0.0
福山・府中,療養病床,800,100,0,900,0.1111,0.1111,0.0
福山・府中,療養病床（介護保険適用病床）,0,0,0,0,0.0,0.0,0.0
福山・府中,療養病床（医療保険適用病床）,800,100,0,900,0.1111,0.1111,0.0
福山・府中,精神病床,700,100,0,800,0.125,0.125,0.0
福山・府中,結核病床,0,0,0,0,0.0,0.0,0.0
福岡・糸島,一般病床,8400,1900,500,10800,0.2222,0.1759,0.0463
福岡・糸島,感染症病床,0,0,0,0,0.0,0.0,0.0
福岡・糸島,療養病床,3000,600,100,3700,0.1892,0.1622,0.027
福岡・糸島,療養病床（介護保険適用病床）,0,0,0,0,0.0,0.0,0.0
福岡・糸島,療養病床（医療保険適用病床）,3000,600,100,3700,0.1892,0.1622,0.027
福岡・糸島,精神病床,3200,600,200,4000,0.2,0.15,0.05
福岡・糸島,結核病床,0,0,0,0,0.0,0.0,0.0
秋田周辺,一般病床,2300,200,0,2500,0.08,0.08,0.0
秋田周辺,感染症病床,0,0,0,0,0.0,0.0,0.0
秋田周辺,療養病床,700,100,0,800,0.125,0.125,0.0
秋田周辺,療養病床（介護保険適用病床）,0,0,0,0,0.0,0.0,0.0
秋田周辺,療養病床（医療保険適用病床）,700,100,0,800,0.125,0.125,0.0
秋田周辺,精神病床,1400,200,0,1600,0.125,0.125,0.0
秋田周辺,結核病床,0,0,0,0,0.0,0.0,0.0
秩父,一般病床,300,0,0,300,0.0,0.0,0.0
秩父,感染症病床,0,0,0,0,0.0,0.0,0.0
秩父,療養病床,100,0,0,100,0.0,0.0,0.0
秩父,療養病床（介護保険適用病床）,0,0,0,0,0.0,0.0,0.0
秩父,療養病床（医療保険適用病床）,100,0,0,100,0.0,0.0,0.0
秩父,精神病床,0,0,0,0,0.0,0.0,0.0
秩父,結核病床,0,0,0,0,0.0,0.0,0.0
筑紫,一般病床,1300,500,0,1800,0.2778,0.2778,0.0
筑紫,感染症病床,0,0,0,0,0.0,0.0,0.0
筑紫,療養病床,700,200,0,900,0.2222,0.2222,0.0
筑紫,療養病床（介護保険適用病床）,100,100,0,200,0.5,0.5,0.0
筑紫,療養病床（医療保険適用病床）,600,200,0,800,0.25,0.25,0.0
筑紫,精神病床,600,300,0,900,0.3333,0.3333,0.0
筑紫,結核病床,0,0,0,0,0.0,0.0,0.0
筑西・下妻,一般病床,600,0,100,700,0.1429,0.0,0.1429
筑西・下妻,感染症病床,0,0,0,0,0.0,0.0,0.0
筑西・下妻,療養病床,500,100,100,700,0.2857,0.1429,0.1429
筑西・下妻,療養病床（介護保険適用病床）,0,0,0,0,0.0,0.0,0.0
筑西・下妻,療養病床（医療保険適用病床）,500,100,100,700,0.2857,0.1429,0.1429
筑西・下妻,精神病床,300,0,0,300,0.0,0.0,0.0
筑西・下妻,結核病床,0,0,0,0,0.0,0.0,0.0
粕屋,一般病床,900,900,0,1800,0.5,0.5,0.0
粕屋,感染症病床,0,0,0,0,0.0,0.0,0.0
粕屋,療養病床,600,300,0,900,0.3333,0.3333,0.0
粕屋,療養病床（介護保険適用病床）,0,0,0,0,0.0,0.0,0.0
粕屋,療養病床（医療保険適用病床）,600,300,0,900,0.3333,0.3333,0.0
粕屋,精神病床,500,200,0,700,0.2857,0.2857,0.0
粕屋,結核病床,0,0,0,0,0.0,0.0,0.0
置賜,一般病床,1100,0,0,1100,0.0,0.0,0.0
置賜,感染症病床,0,0,0,0,0.0,0.0,0.0
置賜,療養病床,300,0,0,300,0.0,0.0,0.0
置賜,療養病床（介護保険適用病床）,0,0,0,0,0.0,0.0,0.0
置賜,療養病床（医療保険適用病床）,200,0,0,200,0.0,0.0,0.0
置賜,精神病床,300,0,0,300,0.0,0.0,0.0
置賜,結核病床,0,0,0,0,0.0,0.0,0.0
肝属,一般病床,1000,200,0,1200,0.1667,0.1667,0.0
肝属,感染症病床,0,0,0,0,0.0,0.0,0.0
肝属,療養病床,200,0,0,200,0.0,0.0,0.0
肝属,療養病床（介護保険適用病床）,0,0,0,0,0.0,0.0,0.0
肝属,療養病床（医療保険適用病床）,200,0,0,200,0.0,0.0,0.0
肝属,精神病床,500,100,0,600,0.1667,0.1667,0.0
肝属,結核病床,0,0,0,0,0.0,0.0,0.0
胆江,一般病床,700,100,0,800,0.125,0.125,0.0
胆江,感染症病床,0,0,0,0,0.0,0.0,0.0
胆江,療養病床,100,0,0,100,0.0,0.0,0.0
胆江,療養病床（介護保険適用病床）,0,0,0,0,0.0,0.0,0.0
胆江,療養病床（医療保険適用病床）,100,0,0,100,0.0,0.0,0.0
胆江,精神病床,200,0,0,200,0.0,0.0,0.0
胆江,結核病床,0,0,0,0,0.0,0.0,0.0
能代・山本,一般病床,400,0,0,400,0.0,0.0,0.0
能代・山本,感染症病床,0,0,0,0,0.0,0.0,0.0
能代・山本,療養病床,100,0,0,100,0.0,0.0,0.0
能代・山本,療養病床（介護保険適用病床）,0,0,0,0,0.0,0.0,0.0
能代・山本,療養病床（医療保険適用病床）,100,0,0,100,0.0,0.0,0.0
能代・山本,精神病床,200,0,0,200,0.0,0.0,0.0
能代・山本,結核病床,0,0,0,0,0.0,0.0,0.0
能登中部,一般病床,800,100,0,900,0.1111,0.1111,0.0
能登中部,感染症病床,0,0,0,0,0.0,0.0,0.0
能登中部,療養病床,0,0,0,0,0.0,0.0,0.0
能登中部,療養病床（介護保険適用病床）,0,0,0,0,0.0,0.0,0.0
能登中部,療養病床（医療保険適用病床）,0,0,0,0,0.0,0.0,0.0
能登中部,精神病床,100,0,0,100,0.0,0.0,0.0
能登中部,結核病床,0,0,0,0,0.0,0.0,0.0
能登北部,一般病床,200,0,0,200,0.0,0.0,0.0
能登北部,感染症病床,0,0,0,0,0.0,0.0,0.0
能登北部,療養病床,0,0,0,0,0.0,0.0,0.0
能登北部,療養病床（介護保険適用病床）,0,0,0,0,0.0,0.0,0.0
能登北部,療養病床（医療保険適用病床）,0,0,0,0,0.0,0.0,0.0
能登北部,精神病床,0,0,0,0,0.0,0.0,0.0
能登北部,結核病床,0,0,0,0,0.0,0.0,0.0
芦北,一般病床,400,100,100,600,0.3333,0.1667,0.1667
芦北,感染症病床,0,0,0,0,0.0,0.0,0.0
芦北,療養病床,200,0,0,200,0.0,0.0,0.0
芦北,療養病床（介護保険適用病床）,0,0,0,0,0.0,0.0,0.0
芦北,療養病床（医療保険適用病床）,200,0,0,200,0.0,0.0,0.0
芦北,精神病床,300,0,0,300,0.0,0.0,0.0
芦北,結核病床,0,0,0,0,0.0,0.0,0.0
菊池,一般病床,900,600,0,1500,0.4,0.4,0.0
菊池,感染症病床,0,0,0,0,0.0,0.0,0.0
菊池,療養病床,100,100,0,200,0.5,0.5,0.0
菊池,療養病床（介護保険適用病床）,0,0,0,0,0.0,0.0,0.0
菊池,療養病床（医療保険適用病床）,100,100,0,200,0.5,0.5,0.0
菊池,精神病床,300,300,0,600,0.5,0.5,0.0
菊池,結核病床,0,0,0,0,0.0,0.0,0.0
萩,一般病床,300,0,0,300,0.0,0.0,0.0
萩,感染症病床,0,0,0,0,0.0,0.0,0.0
萩,療養病床,300,0,0,300,0.0,0.0,0.0
萩,療養病床（介護保険適用病床）,0,0,0,0,0.0,0.0,0.0
萩,療養病床（医療保険適用病床）,300,0,0,300,0.0,0.0,0.0
萩,精神病床,100,0,0,100,0.0,0.0,0.0
萩,結核病床,0,0,0,0,0.0,0.0,0.0
藤岡,一般病床,300,100,200,600,0.5,0.1667,0.3333
藤岡,感染症病床,0,0,0,0,0.0,0.0,0.0
藤岡,療養病床,100,0,0,100,0.0,0.0,0.0
藤岡,療養病床（介護保険適用病床）,0,0,0,0,0.0,0.0,0.0
藤岡,療養病床（医療保険適用病床）,100,0,0,100,0.0,0.0,0.0
藤岡,精神病床,0,0,0,0,0.0,0.0,0.0
藤岡,結核病床,0,0,0,0,0.0,0.0,0.0
西三河北部,一般病床,1500,200,0,1700,0.1176,0.1176,0.0
西三河北部,感染症病床,0,0,0,0,0.0,0.0,0.0
西三河北部,療養病床,400,100,0,500,0.2,0.2,0.0
西三河北部,療養病床（介護保険適用病床）,0,0,0,0,0.0,0.0,0.0
西三河北部,療養病床（医療保険適用病床）,400,100,0,500,0.2,0.2,0.0
西三河北部,精神病床,500,100,0,600,0.1667,0.1667,0.0
西三河北部,結核病床,0,0,0,0,0.0,0.0,0.0
西三河南部東,一般病床,1100,100,0,1200,0.0833,0.0833,0.0
西三河南部東,感染症病床,0,0,0,0,0.0,0.0,0.0
西三河南部東,療養病床,600,100,0,700,0.1429,0.1429,0.0
西三河南部東,療養病床（介護保険適用病床）,0,0,0,0,0.0,0.0,0.0
西三河南部東,療養病床（医療保険適用病床）,600,100,0,700,0.1429,0.1429,0.0
西三河南部東,精神病床,300,300,0,600,0.5,0.5,0.0
西三河南部東,結核病床,0,0,0,0,0.0,0.0,0.0
西三河南部西,一般病床,2100,500,0,2600,0.1923,0.1923,0.0
西三河南部西,感染症病床,0,0,0,0,0.0,0.0,0.0
西三河南部西,療養病床,600,300,0,900,0.3333,0.3333,0.0
西三河南部西,療養病床（介護保険適用病床）,0,0,0,0,0.0,0.0,0.0
西三河南部西,療養病床（医療保険適用病床）,600,300,0,900,0.3333,0.3333,0.0
西三河南部西,精神病床,200,100,0,300,0.3333,0.3333,0.0
西三河南部西,結核病床,0,0,0,0,0.0,0.0,0.0
西北五地域,一般病床,500,0,0,500,0.0,0.0,0.0
西北五地域,感染症病床,0,0,0,0,0.0,0.0,0.0
西北五地域,療養病床,200,0,0,200,0.0,0.0,0.0
西北五地域,療養病床（介護保険適用病床）,0,0,0,0,0.0,0.0,0.0
西北五地域,療養病床（医療保険適用病床）,200,0,0,200,0.0,0.0,0.0
西北五地域,精神病床,200,0,0,200,0.0,0.0,0.0
西北五地域,結核病床,0,0,0,0,0.0,0.0,0.0
西和,一般病床,1200,400,200,1800,0.3333,0.2222,0.1111
西和,感染症病床,0,0,0,0,0.0,0.0,0.0
西和,療養病床,300,200,0,500,0.4,0.4,0.0
西和,療養病床（介護保険適用病床）,0,0,0,0,0.0,0.0,0.0
西和,療養病床（医療保険適用病床）,300,200,0,500,0.4,0.4,0.0
西和,精神病床,400,300,100,800,0.5,0.375,0.125
西和,結核病床,0,0,0,0,0.0,0.0,0.0
西多摩,一般病床,900,100,0,1000,0.1,0.1,0.0
西多摩,感染症病床,0,0,0,0,0.0,0.0,0.0
西多摩,療養病床,1000,600,200,1800,0.4444,0.3333,0.1111
西多摩,療養病床（介護保険適用病床）,0,0,0,0,0.0,0.0,0.0
西多摩,療養病床（医療保険適用病床）,1000,600,100,1700,0.4118,0.3529,0.0588
西多摩,精神病床,700,700,200,1600,0.5625,0.4375,0.125
西多摩,結核病床,0,0,0,0,0.0,0.0,0.0
西濃,一般病床,1000,100,0,1100,0.0909,0.0909,0.0
西濃,感染症病床,0,0,0,0,0.0,0.0,0.0
西濃,療養病床,300,0,0,300,0.0,0.0,0.0
西濃,療養病床（介護保険適用病床）,0,0,0,0,0.0,0.0,0.0
西濃,療養病床（医療保険適用病床）,300,0,0,300,0.0,0.0,0.0
西濃,精神病床,600,200,100,900,0.3333,0.2222,0.1111
西濃,結核病床,0,0,0,0,0.0,0.0,0.0
西胆振,一般病床,1400,100,0,1500,0.0667,0.0667,0.0
西胆振,感染症病床,0,0,0,0,0.0,0.0,0.0
西胆振,療養病床,900,100,0,1000,0.1,0.1,0.0
西胆振,療養病床（介護保険適用病床）,0,0,0,0,0.0,0.0,0.0
西胆振,療養病床（医療保険適用病床）,900,100,0,1000,0.1,0.1,0.0
西胆振,精神病床,1100,200,0,1300,0.1538,0.1538,0.0
西胆振,結核病床,0,0,0,0,0.0,0.0,0.0
西諸,一般病床,300,0,0,300,0.0,0.0,0.0
西諸,感染症病床,0,0,0,0,0.0,0.0,0.0
西諸,療養病床,200,0,0,200,0.0,0.0,0.0
西諸,療養病床（介護保険適用病床）,0,0,0,0,0.0,0.0,0.0
西諸,療養病床（医療保険適用病床）,200,0,0,200,0.0,0.0,0.0
西諸,精神病床,300,0,0,300,0.0,0.0,0.0
西諸,結核病床,0,0,0,0,0.0,0.0,0.0
西部,一般病床,10600,1500,700,12800,0.1719,0.1172,0.0547
西部,感染症病床,0,0,0,0,0.0,0.0,0.0
西部,療養病床,5400,500,300,6200,0.129,0.0806,0.0484
西部,療養病床（介護保険適用病床）,200,0,0,200,0.0,0.0,0.0
西部,療養病床（医療保険適用病床）,5100,400,200,5700,0.1053,0.0702,0.0351
西部,精神病床,5000,900,400,6300,0.2063,0.1429,0.0635
西部,結核病床,0,0,0,0,0.0,0.0,0.0
西都児湯,一般病床,300,100,0,400,0.25,0.25,0.0
西都児湯,感染症病床,0,0,0,0,0.0,0.0,0.0
西都児湯,療養病床,200,0,0,200,0.0,0.0,0.0
西都児湯,療養病床（介護保険適用病床）,0,0,0,0,0.0,0.0,0.0
西都児湯,療養病床（医療保険適用病床）,200,0,0,200,0.0,0.0,0.0
西都児湯,精神病床,100,0,0,100,0.0,0.0,0.0
西都児湯,結核病床,0,0,0,0,0.0,0.0,0.0
諏訪,一般病床,1000,200,100,1300,0.2308,0.1538,0.0769
諏訪,感染症病床,0,0,0,0,0.0,0.0,0.0
諏訪,療養病床,200,0,0,200,0.0,0.0,0.0
諏訪,療養病床（介護保険適用病床）,0,0,0,0,0.0,0.0,0.0
諏訪,療養病床（医療保険適用病床）,200,0,0,200,0.0,0.0,0.0
諏訪,精神病床,100,0,0,100,0.0,0.0,0.0
諏訪,結核病床,0,0,0,0,0.0,0.0,0.0
豊肥,一般病床,300,0,0,300,0.0,0.0,0.0
豊肥,感染症病床,0,0,0,0,0.0,0.0,0.0
豊肥,療養病床,100,0,0,100,0.0,0.0,0.0
豊肥,療養病床（介護保険適用病床）,0,0,0,0,0.0,0.0,0.0
豊肥,療養病床（医療保険適用病床）,100,0,0,100,0.0,0.0,0.0
豊肥,精神病床,200,0,0,200,0.0,0.0,0.0
豊肥,結核病床,0,0,0,0,0.0,0.0,0.0
豊能,一般病床,4200,1200,600,6000,0.3,0.2,0.1
豊能,感染症病床,0,0,0,0,0.0,0.0,0.0
豊能,療養病床,1000,300,100,1400,0.2857,0.2143,0.0714
豊能,療養病床（介護保険適用病床）,0,0,0,0,0.0,0.0,0.0
豊能,療養病床（医療保険適用病床）,1000,300,100,1400,0.2857,0.2143,0.0714
豊能,精神病床,700,400,200,1300,0.4615,0.3077,0.1538
豊能,結核病床,0,0,0,0,0.0,0.0,0.0
賀茂,一般病床,300,0,0,300,0.0,0.0,0.0
賀茂,感染症病床,0,0,0,0,0.0,0.0,0.0
賀茂,療養病床,100,0,0,100,0.0,0.0,0.0
賀茂,療養病床（介護保険適用病床）,0,0,0,0,0.0,0.0,0.0
賀茂,療養病床（医療保険適用病床）,100,0,0,100,0.0,0.0,0.0
賀茂,精神病床,300,0,0,300,0.0,0.0,0.0
賀茂,結核病床,0,0,0,0,0.0,0.0,0.0
遠紋,一般病床,300,0,0,300,0.0,0.0,0.0
遠紋,感染症病床,0,0,0,0,0.0,0.0,0.0
遠紋,療養病床,100,0,0,100,0.0,0.0,0.0
遠紋,療養病床（介護保険適用病床）,0,0,0,0,0.0,0.0,0.0
遠紋,療養病床（医療保険適用病床）,100,0,0,100,0.0,0.0,0.0
遠紋,精神病床,100,0,0,100,0.0,0.0,0.0
遠紋,結核病床,0,0,0,0,0.0,0.0,0.0
那賀,一般病床,400,100,0,500,0.2,0.2,0.0
那賀,感染症病床,0,0,0,0,0.0,0.0,0.0
那賀,療養病床,100,100,0,200,0.5,0.5,0.0
那賀,療養病床（介護保険適用病床）,0,0,0,0,0.0,0.0,0.0
那賀,療養病床（医療保険適用病床）,100,100,0,200,0.5,0.5,0.0
那賀,精神病床,100,100,0,200,0.5,0.5,0.0
那賀,結核病床,0,0,0,0,0.0,0.0,0.0
都城北諸県,一般病床,800,0,200,1000,0.2,0.0,0.2
都城北諸県,感染症病床,0,0,0,0,0.0,0.0,0.0
都城北諸県,療養病床,200,0,0,200,0.0,0.0,0.0
都城北諸県,療養病床（介護保険適用病床）,0,0,0,0,0.0,0.0,0.0
都城北諸県,療養病床（医療保険適用病床）,200,0,0,200,0.0,0.0,0.0
都城北諸県,精神病床,800,100,200,1100,0.2727,0.0909,0.1818
都城北諸県,結核病床,0,0,0,0,0.0,0.0,0.0
釜石,一般病床,400,100,0,500,0.2,0.2,0.0
釜石,感染症病床,0,0,0,0,0.0,0.0,0.0
釜石,療養病床,100,0,0,100,0.0,0.0,0.0
釜石,療養病床（介護保険適用病床）,0,0,0,0,0.0,0.0,0.0
釜石,療養病床（医療保険適用病床）,100,0,0,100,0.0,0.0,0.0
釜石,精神病床,100,0,0,100,0.0,0.0,0.0
釜石,結核病床,0,0,0,0,0.0,0.0,0.0
釧路,一般病床,1600,200,0,1800,0.1111,0.1111,0.0
釧路,感染症病床,0,0,0,0,0.0,0.0,0.0
釧路,療養病床,700,100,0,800,0.125,0.125,0.0
釧路,療養病床（介護保険適用病床）,0,0,0,0,0.0,0.0,0.0
釧路,療養病床（医療保険適用病床）,700,100,0,800,0.125,0.125,0.0
釧路,精神病床,300,0,0,300,0.0,0.0,0.0
釧路,結核病床,0,0,0,0,0.0,0.0,0.0
長崎,一般病床,3100,300,0,3400,0.0882,0.0882,0.0
長崎,感染症病床,0,0,0,0,0.0,0.0,0.0
長崎,療養病床,2100,200,0,2300,0.087,0.087,0.0
長崎,療養病床（介護保険適用病床）,0,0,0,0,0.0,0.0,0.0
長崎,療養病床（医療保険適用病床）,2100,200,0,2300,0.087,0.087,0.0
長崎,精神病床,2600,200,0,2800,0.0714,0.0714,0.0
長崎,結核病床,0,0,0,0,0.0,0.0,0.0
長野,一般病床,2800,300,0,3100,0.0968,0.0968,0.0
長野,感染症病床,0,0,0,0,0.0,0.0,0.0
長野,療養病床,700,100,0,800,0.125,0.125,0.0
長野,療養病床（介護保険適用病床）,100,0,0,100,0.0,0.0,0.0
長野,療養病床（医療保険適用病床）,600,100,0,700,0.1429,0.1429,0.0
長野,精神病床,1100,100,0,1200,0.0833,0.0833,0.0
長野,結核病床,0,0,0,0,0.0,0.0,0.0
長門,一般病床,200,0,0,200,0.0,0.0,0.0
長門,感染症病床,0,0,0,0,0.0,0.0,0.0
長門,療養病床,100,0,0,100,0.0,0.0,0.0
長門,療養病床（介護保険適用病床）,0,0,0,0,0.0,0.0,0.0
長門,療養病床（医療保険適用病床）,100,0,0,100,0.0,0.0,0.0
長門,精神病床,200,100,0,300,0.3333,0.3333,0.0
長門,結核病床,0,0,0,0,0.0,0.0,0.0
阪神,一般病床,8500,800,800,10100,0.1584,0.0792,0.0792
阪神,感染症病床,0,0,0,0,0.0,0.0,0.0
阪神,療養病床,2500,300,300,3100,0.1935,0.0968,0.0968
阪神,療養病床（介護保険適用病床）,200,0,0,200,0.0,0.0,0.0
阪神,療養病床（医療保険適用病床）,2200,200,300,2700,0.1852,0.0741,0.1111
阪神,精神病床,1300,400,100,1800,0.2778,0.2222,0.0556
阪神,結核病床,0,0,0,0,0.0,0.0,0.0
阿蘇,一般病床,200,0,0,200,0.0,0.0,0.0
阿蘇,感染症病床,0,0,0,0,0.0,0.0,0.0
阿蘇,療養病床,300,0,0,300,0.0,0.0,0.0
阿蘇,療養病床（介護保険適用病床）,0,0,0,0,0.0,0.0,0.0
阿蘇,療養病床（医療保険適用病床）,200,0,0,200,0.0,0.0,0.0
阿蘇,精神病床,200,0,0,200,0.0,0.0,0.0
阿蘇,結核病床,0,0,0,0,0.0,0.0,0.0
隠岐,一般病床,100,0,0,100,0.0,0.0,0.0
隠岐,感染症病床,0,0,0,0,0.0,0.0,0.0
隠岐,療養病床,0,0,0,0,0.0,0.0,0.0
隠岐,療養病床（介護保険適用病床）,0,0,0,0,0.0,0.0,0.0
隠岐,療養病床（医療保険適用病床）,0,0,0,0,0.0,0.0,0.0
隠岐,精神病床,0,0,0,0,0.0,0.0,0.0
隠岐,結核病床,0,0,0,0,0.0,0.0,0.0
雲南,一般病床,200,0,0,200,0.0,0.0,0.0
雲南,感染症病床,0,0,0,0,0.0,0.0,0.0
雲南,療養病床,100,0,0,100,0.0,0.0,0.0
雲南,療養病床（介護保険適用病床）,0,0,0,0,0.0,0.0,0.0
雲南,療養病床（医療保険適用病床）,100,0,0,100,0.0,0.0,0.0
雲南,精神病床,100,0,0,100,0.0,0.0,0.0
雲南,結核病床,0,0,0,0,0.0,0.0,0.0
青森地域,一般病床,1600,300,0,1900,0.1579,0.1579,0.0
青森地域,感染症病床,0,0,0,0,0.0,0.0,0.0
青森地域,療養病床,400,0,0,400,0.0,0.0,0.0
青森地域,療養病床（介護保険適用病床）,0,0,0,0,0.0,0.0,0.0
青森地域,療養病床（医療保険適用病床）,400,0,0,400,0.0,0.0,0.0
青森地域,精神病床,800,100,0,900,0.1111,0.1111,0.0
青森地域,結核病床,0,0,0,0,0.0,0.0,0.0
静岡,一般病床,2700,500,100,3300,0.1818,0.1515,0.0303
静岡,感染症病床,0,0,0,0,0.0,0.0,0.0
静岡,療養病床,1300,100,0,1400,0.0714,0.0714,0.0
静岡,療養病床（介護保険適用病床）,0,0,0,0,0.0,0.0,0.0
静岡,療養病床（医療保険適用病床）,1300,100,0,1400,0.0714,0.0714,0.0
静岡,精神病床,500,100,0,600,0.1667,0.1667,0.0
静岡,結核病床,0,0,0,0,0.0,0.0,0.0
飛騨,一般病床,600,0,0,600,0.0,0.0,0.0
飛騨,感染症病床,0,0,0,0,0.0,0.0,0.0
飛騨,療養病床,100,0,0,100,0.0,0.0,0.0
飛騨,療養病床（介護保険適用病床）,0,0,0,0,0.0,0.0,0.0
飛騨,療養病床（医療保険適用病床）,100,0,0,100,0.0,0.0,0.0
飛騨,精神病床,300,0,0,300,0.0,0.0,0.0
飛騨,結核病床,0,0,0,0,0.0,0.0,0.0
飯伊,一般病床,800,100,0,900,0.1111,0.1111,0.0
飯伊,感染症病床,0,0,0,0,0.0,0.0,0.0
飯伊,療養病床,200,0,0,200,0.0,0.0,0.0
飯伊,療養病床（介護保険適用病床）,0,0,0,0,0.0,0.0,0.0
飯伊,療養病床（医療保険適用病床）,200,0,0,200,0.0,0.0,0.0
飯伊,精神病床,200,0,0,200,0.0,0.0,0.0
飯伊,結核病床,0,0,0,0,0.0,0.0,0.0
飯塚,一般病床,1200,500,0,1700,0.2941,0.2941,0.0
飯塚,感染症病床,0,0,0,0,0.0,0.0,0.0
飯塚,療養病床,200,0,0,200,0.0,0.0,0.0
飯塚,療養病床（介護保険適用病床）,0,0,0,0,0.0,0.0,0.0
飯塚,療養病床（医療保険適用病床）,200,0,0,200,0.0,0.0,0.0
飯塚,精神病床,600,100,0,700,0.1429,0.1429,0.0
飯塚,結核病床,0,0,0,0,0.0,0.0,0.0
香取海匝,一般病床,1100,200,100,1400,0.2143,0.1429,0.0714
香取海匝,感染症病床,0,0,0,0,0.0,0.0,0.0
香取海匝,療養病床,600,100,100,800,0.25,0.125,0.125
香取海匝,療養病床（介護保険適用病床）,0,0,0,0,0.0,0.0,0.0
香取海匝,療養病床（医療保険適用病床）,500,100,100,700,0.2857,0.1429,0.1429
香取海匝,精神病床,400,100,100,600,0.3333,0.1667,0.1667
香取海匝,結核病床,0,0,0,0,0.0,0.0,0.0
駿東田方,一般病床,2800,600,200,3600,0.2222,0.1667,0.0556
駿東田方,感染症病床,0,0,0,0,0.0,0.0,0.0
駿東田方,療養病床,1100,100,100,1300,0.1538,0.0769,0.0769
駿東田方,療養病床（介護保険適用病床）,0,0,0,0,0.0,0.0,0.0
駿東田方,療養病床（医療保険適用病床）,1100,100,100,1300,0.1538,0.0769,0.0769
駿東田方,精神病床,800,200,100,1100,0.2727,0.1818,0.0909
駿東田方,結核病床,0,0,0,0,0.0,0.0,0.0
高岡,一般病床,1400,100,0,1500,0.0667,0.0667,0.0
高岡,感染症病床,0,0,0,0,0.0,0.0,0.0
高岡,療養病床,600,0,0,600,0.0,0.0,0.0
高岡,療養病床（介護保険適用病床）,0,0,0,0,0.0,0.0,0.0
高岡,療養病床（医療保険適用病床）,600,0,0,600,0.0,0.0,0.0
高岡,精神病床,700,100,0,800,0.125,0.125,0.0
高岡,結核病床,0,0,0,0,0.0,0.0,0.0
高崎・安中,一般病床,1600,400,100,2100,0.2381,0.1905,0.0476
高崎・安中,感染症病床,0,0,0,0,0.0,0.0,0.0
高崎・安中,療養病床,600,200,0,800,0.25,0.25,0.0
高崎・安中,療養病床（介護保険適用病床）,0,0,0,0,0.0,0.0,0.0
高崎・安中,療養病床（医療保険適用病床）,600,200,0,800,0.25,0.25,0.0
高崎・安中,精神病床,500,300,0,800,0.375,0.375,0.0
高崎・安中,結核病床,0,0,0,0,0.0,0.0,0.0
高幡,一般病床,200,0,0,200,0.0,0.0,0.0
高幡,感染症病床,0,0,0,0,0.0,0.0,0.0
高幡,療養病床,300,0,0,300,0.0,0.0,0.0
高幡,療養病床（介護保険適用病床）,0,0,0,0,0.0,0.0,0.0
高幡,療養病床（医療保険適用病床）,200,0,0,200,0.0,0.0,0.0
高幡,精神病床,100,0,0,100,0.0,0.0,0.0
高幡,結核病床,0,0,0,0,0.0,0.0,0.0
高梁・新見,一般病床,300,0,0,300,0.0,0.0,0.0
高梁・新見,感染症病床,0,0,0,0,0.0,0.0,0.0
高梁・新見,療養病床,100,0,0,100,0.0,0.0,0.0
高梁・新見,療養病床（介護保険適用病床）,0,0,0,0,0.0,0.0,0.0
高梁・新見,療養病床（医療保険適用病床）,100,0,0,100,0.0,0.0,0.0
高梁・新見,精神病床,100,0,0,100,0.0,0.0,0.0
高梁・新見,結核病床,0,0,0,0,0.0,0.0,0.0
魚沼,一般病床,700,0,0,700,0.0,0.0,0.0
魚沼,感染症病床,0,0,0,0,0.0,0.0,0.0
魚沼,療養病床,100,0,0,100,0.0,0.0,0.0
魚沼,療養病床（介護保険適用病床）,0,0,0,0,0.0,0.0,0.0
魚沼,療養病床（医療保険適用病床）,100,0,0,100,0.0,0.0,0.0
魚沼,精神病床,300,0,0,300,0.0,0.0,0.0
魚沼,結核病床,0,0,0,0,0.0,0.0,0.0
鹿児島,一般病床,4800,1400,100,6300,0.2381,0.2222,0.0159
鹿児島,感染症病床,0,0,0,0,0.0,0.0,0.0
鹿児島,療養病床,1900,200,0,2100,0.0952,0.0952,0.0
鹿児島,療養病床（介護保険適用病床）,100,0,0,100,0.0,0.0,0.0
鹿児島,療養病床（医療保険適用病床）,1800,200,0,2000,0.1,0.1,0.0
鹿児島,精神病床,2600,400,0,3000,0.1333,0.1333,0.0
鹿児島,結核病床,0,0,0,0,0.0,0.0,0.0
鹿本,一般病床,200,0,0,200,0.0,0.0,0.0
鹿本,感染症病床,0,0,0,0,0.0,0.0,0.0
鹿本,療養病床,100,0,0,100,0.0,0.0,0.0
鹿本,療養病床（介護保険適用病床）,0,0,0,0,0.0,0.0,0.0
鹿本,療養病床（医療保険適用病床）,100,0,0,100,0.0,0.0,0.0
鹿本,精神病床,100,100,0,200,0.5,0.5,0.0
鹿本,結核病床,0,0,0,0,0.0,0.0,0.0
鹿行,一般病床,500,0,0,500,0.0,0.0,0.0
鹿行,感染症病床,0,0,0,0,0.0,0.0,0.0
鹿行,療養病床,400,0,100,500,0.2,0.0,0.2
鹿行,療養病床（介護保険適用病床）,0,0,0,0,0.0,0.0,0.0
鹿行,療養病床（医療保険適用病床）,400,0,100,500,0.2,0.0,0.2
鹿行,精神病床,100,0,0,100,0.0,0.0,0.0
鹿行,結核病床,0,0,0,0,0.0,0.0,0.0
